country,year,intrastate_deaths,civilian_deaths,state-sponsored religion index,Region,Diversity_rank,RDI_score,Diveristy_level,Buddhists,Christians,Hindus,Jews,Muslims,Other_Religions,Religiously_Unaffiliated,majority_religion,hierarchy,exclusivity,collectivism,political_theology,pluralism_tolerance
Afghanistan,1989,5174,303,2.0,Asia-Pacific,200.0,0.032174885,Very low,0.020000853,0.019379199,0.00012829648,2.5659296e-05,99.861969,0.090042546,0.0084565645,Muslims,4,4,5,5,2
Afghanistan,1990,1478,101,2.0,Asia-Pacific,200.0,0.032174885,Very low,0.020000853,0.019379199,0.00012829648,2.5659296e-05,99.861969,0.090042546,0.0084565645,Muslims,4,4,5,5,2
Afghanistan,1991,3302,38,2.0,Asia-Pacific,200.0,0.032174885,Very low,0.020000853,0.019379199,0.00012829648,2.5659296e-05,99.861969,0.090042546,0.0084565645,Muslims,4,4,5,5,2
Afghanistan,1992,4287,1687,2.0,Asia-Pacific,200.0,0.032174885,Very low,0.020000853,0.019379199,0.00012829648,2.5659296e-05,99.861969,0.090042546,0.0084565645,Muslims,4,4,5,5,2
Afghanistan,1993,4071,611,2.0,Asia-Pacific,200.0,0.032174885,Very low,0.020000853,0.019379199,0.00012829648,2.5659296e-05,99.861969,0.090042546,0.0084565645,Muslims,4,4,5,5,2
Afghanistan,1994,8937,119,2.0,Asia-Pacific,200.0,0.032174885,Very low,0.020000853,0.019379199,0.00012829648,2.5659296e-05,99.861969,0.090042546,0.0084565645,Muslims,4,4,5,5,2
Afghanistan,1995,5499,181,2.0,Asia-Pacific,200.0,0.032174885,Very low,0.020000853,0.019379199,0.00012829648,2.5659296e-05,99.861969,0.090042546,0.0084565645,Muslims,4,4,5,5,2
Afghanistan,1996,3177,396,2.0,Asia-Pacific,200.0,0.032174885,Very low,0.020000853,0.019379199,0.00012829648,2.5659296e-05,99.861969,0.090042546,0.0084565645,Muslims,4,4,5,5,2
Afghanistan,1997,6396,30,2.0,Asia-Pacific,200.0,0.032174885,Very low,0.020000853,0.019379199,0.00012829648,2.5659296e-05,99.861969,0.090042546,0.0084565645,Muslims,4,4,5,5,2
Afghanistan,1998,6256,540,2.0,Asia-Pacific,200.0,0.032174885,Very low,0.020000853,0.019379199,0.00012829648,2.5659296e-05,99.861969,0.090042546,0.0084565645,Muslims,4,4,5,5,2
Afghanistan,1999,4629,147,2.0,Asia-Pacific,200.0,0.032174885,Very low,0.020000853,0.019379199,0.00012829648,2.5659296e-05,99.861969,0.090042546,0.0084565645,Muslims,4,4,5,5,2
Afghanistan,2000,5235,483,2.0,Asia-Pacific,200.0,0.032174885,Very low,0.020000853,0.019379199,0.00012829648,2.5659296e-05,99.861969,0.090042546,0.0084565645,Muslims,4,4,5,5,2
Afghanistan,2001,3658,110,2.0,Asia-Pacific,200.0,0.032174885,Very low,0.020000853,0.019379199,0.00012829648,2.5659296e-05,99.861969,0.090042546,0.0084565645,Muslims,4,4,5,5,2
Afghanistan,2002,900,126,2.0,Asia-Pacific,200.0,0.032174885,Very low,0.020000853,0.019379199,0.00012829648,2.5659296e-05,99.861969,0.090042546,0.0084565645,Muslims,4,4,5,5,2
Afghanistan,2003,687,35,2.0,Asia-Pacific,200.0,0.032174885,Very low,0.020000853,0.019379199,0.00012829648,2.5659296e-05,99.861969,0.090042546,0.0084565645,Muslims,4,4,5,5,2
Afghanistan,2004,715,38,2.0,Asia-Pacific,200.0,0.032174885,Very low,0.020000853,0.019379199,0.00012829648,2.5659296e-05,99.861969,0.090042546,0.0084565645,Muslims,4,4,5,5,2
Afghanistan,2005,1595,92,2.0,Asia-Pacific,200.0,0.032174885,Very low,0.020000853,0.019379199,0.00012829648,2.5659296e-05,99.861969,0.090042546,0.0084565645,Muslims,4,4,5,5,2
Afghanistan,2006,4750,282,2.0,Asia-Pacific,200.0,0.032174885,Very low,0.020000853,0.019379199,0.00012829648,2.5659296e-05,99.861969,0.090042546,0.0084565645,Muslims,4,4,5,5,2
Afghanistan,2007,6911,561,2.0,Asia-Pacific,200.0,0.032174885,Very low,0.020000853,0.019379199,0.00012829648,2.5659296e-05,99.861969,0.090042546,0.0084565645,Muslims,4,4,5,5,2
Afghanistan,2008,5552,655,2.0,Asia-Pacific,200.0,0.032174885,Very low,0.020000853,0.019379199,0.00012829648,2.5659296e-05,99.861969,0.090042546,0.0084565645,Muslims,4,4,5,5,2
Afghanistan,2009,6341,947,2.0,Asia-Pacific,200.0,0.032174885,Very low,0.020000853,0.019379199,0.00012829648,2.5659296e-05,99.861969,0.090042546,0.0084565645,Muslims,4,4,5,5,2
Afghanistan,2010,6864,988,2.0,Asia-Pacific,200.0,0.032174885,Very low,0.020000853,0.019379199,0.00012829648,2.5659296e-05,99.861969,0.090042546,0.0084565645,Muslims,4,4,5,5,2
Afghanistan,2011,7403,897,2.0,Asia-Pacific,200.0,0.032174885,Very low,0.020000853,0.019379199,0.00012829648,2.5659296e-05,99.861969,0.090042546,0.0084565645,Muslims,4,4,5,5,2
Afghanistan,2012,7690,845,2.0,Asia-Pacific,200.0,0.032174885,Very low,0.020000853,0.019379199,0.00012829648,2.5659296e-05,99.861969,0.090042546,0.0084565645,Muslims,4,4,5,5,2
Afghanistan,2013,8056,865,2.0,Asia-Pacific,200.0,0.032174885,Very low,0.020000853,0.019379199,0.00012829648,2.5659296e-05,99.861969,0.090042546,0.0084565645,Muslims,4,4,5,5,2
Afghanistan,2014,12294,663,2.0,Asia-Pacific,200.0,0.032174885,Very low,0.020000853,0.019379199,0.00012829648,2.5659296e-05,99.861969,0.090042546,0.0084565645,Muslims,4,4,5,5,2
Afghanistan,2015,17303,723,2.0,Asia-Pacific,200.0,0.032174885,Very low,0.020000853,0.019379199,0.00012829648,2.5659296e-05,99.861969,0.090042546,0.0084565645,Muslims,4,4,5,5,2
Afghanistan,2016,17987,729,2.0,Asia-Pacific,200.0,0.032174885,Very low,0.020000853,0.019379199,0.00012829648,2.5659296e-05,99.861969,0.090042546,0.0084565645,Muslims,4,4,5,5,2
Afghanistan,2017,19014,762,2.0,Asia-Pacific,200.0,0.032174885,Very low,0.020000853,0.019379199,0.00012829648,2.5659296e-05,99.861969,0.090042546,0.0084565645,Muslims,4,4,5,5,2
Afghanistan,2018,25696,1306,2.0,Asia-Pacific,200.0,0.032174885,Very low,0.020000853,0.019379199,0.00012829648,2.5659296e-05,99.861969,0.090042546,0.0084565645,Muslims,4,4,5,5,2
Afghanistan,2019,29940,1379,2.0,Asia-Pacific,200.0,0.032174885,Very low,0.020000853,0.019379199,0.00012829648,2.5659296e-05,99.861969,0.090042546,0.0084565645,Muslims,4,4,5,5,2
Afghanistan,2020,20489,1305,2.0,Asia-Pacific,200.0,0.032174885,Very low,0.020000853,0.019379199,0.00012829648,2.5659296e-05,99.861969,0.090042546,0.0084565645,Muslims,4,4,5,5,2
Afghanistan,2021,35787,1162,2.0,Asia-Pacific,200.0,0.032174885,Very low,0.020000853,0.019379199,0.00012829648,2.5659296e-05,99.861969,0.090042546,0.0084565645,Muslims,4,4,5,5,2
Afghanistan,2022,926,83,2.0,Asia-Pacific,200.0,0.032174885,Very low,0.020000853,0.019379199,0.00012829648,2.5659296e-05,99.861969,0.090042546,0.0084565645,Muslims,4,4,5,5,2
Afghanistan,2023,237,21,2.0,Asia-Pacific,200.0,0.032174885,Very low,0.020000853,0.019379199,0.00012829648,2.5659296e-05,99.861969,0.090042546,0.0084565645,Muslims,4,4,5,5,2
Afghanistan,2024,210,52,2.0,Asia-Pacific,200.0,0.032174885,Very low,0.020000853,0.019379199,0.00012829648,2.5659296e-05,99.861969,0.090042546,0.0084565645,Muslims,4,4,5,5,2
Albania,1999,26,2,0.0,Europe,61.0,4.7514939,Moderate,0.00015821807,17.815659,0.00070793473,0.010049576,74.507225,0.013315931,7.6528878,Muslims,4,4,5,5,2
Algeria,1990,1,0,2.0,Middle East-North Africa,182.0,0.37242523,Very low,0.015000784,0.29498956,0.0,0.00012998551,98.382347,0.041328549,1.2662071,Muslims,4,4,5,5,2
Algeria,1991,34,1,2.0,Middle East-North Africa,182.0,0.37242523,Very low,0.015000784,0.29498956,0.0,0.00012998551,98.382347,0.041328549,1.2662071,Muslims,4,4,5,5,2
Algeria,1992,274,5,2.0,Middle East-North Africa,182.0,0.37242523,Very low,0.015000784,0.29498956,0.0,0.00012998551,98.382347,0.041328549,1.2662071,Muslims,4,4,5,5,2
Algeria,1993,800,11,2.0,Middle East-North Africa,182.0,0.37242523,Very low,0.015000784,0.29498956,0.0,0.00012998551,98.382347,0.041328549,1.2662071,Muslims,4,4,5,5,2
Algeria,1994,1916,18,2.0,Middle East-North Africa,182.0,0.37242523,Very low,0.015000784,0.29498956,0.0,0.00012998551,98.382347,0.041328549,1.2662071,Muslims,4,4,5,5,2
Algeria,1995,3008,15,2.0,Middle East-North Africa,182.0,0.37242523,Very low,0.015000784,0.29498956,0.0,0.00012998551,98.382347,0.041328549,1.2662071,Muslims,4,4,5,5,2
Algeria,1996,1084,2,2.0,Middle East-North Africa,182.0,0.37242523,Very low,0.015000784,0.29498956,0.0,0.00012998551,98.382347,0.041328549,1.2662071,Muslims,4,4,5,5,2
Algeria,1997,1403,6,2.0,Middle East-North Africa,182.0,0.37242523,Very low,0.015000784,0.29498956,0.0,0.00012998551,98.382347,0.041328549,1.2662071,Muslims,4,4,5,5,2
Algeria,1998,3032,14,2.0,Middle East-North Africa,182.0,0.37242523,Very low,0.015000784,0.29498956,0.0,0.00012998551,98.382347,0.041328549,1.2662071,Muslims,4,4,5,5,2
Algeria,1999,1040,18,2.0,Middle East-North Africa,182.0,0.37242523,Very low,0.015000784,0.29498956,0.0,0.00012998551,98.382347,0.041328549,1.2662071,Muslims,4,4,5,5,2
Algeria,2000,947,0,2.0,Middle East-North Africa,182.0,0.37242523,Very low,0.015000784,0.29498956,0.0,0.00012998551,98.382347,0.041328549,1.2662071,Muslims,4,4,5,5,2
Algeria,2001,642,0,2.0,Middle East-North Africa,182.0,0.37242523,Very low,0.015000784,0.29498956,0.0,0.00012998551,98.382347,0.041328549,1.2662071,Muslims,4,4,5,5,2
Algeria,2002,539,10,2.0,Middle East-North Africa,182.0,0.37242523,Very low,0.015000784,0.29498956,0.0,0.00012998551,98.382347,0.041328549,1.2662071,Muslims,4,4,5,5,2
Algeria,2003,670,14,2.0,Middle East-North Africa,182.0,0.37242523,Very low,0.015000784,0.29498956,0.0,0.00012998551,98.382347,0.041328549,1.2662071,Muslims,4,4,5,5,2
Algeria,2004,410,5,2.0,Middle East-North Africa,182.0,0.37242523,Very low,0.015000784,0.29498956,0.0,0.00012998551,98.382347,0.041328549,1.2662071,Muslims,4,4,5,5,2
Algeria,2005,217,11,2.0,Middle East-North Africa,182.0,0.37242523,Very low,0.015000784,0.29498956,0.0,0.00012998551,98.382347,0.041328549,1.2662071,Muslims,4,4,5,5,2
Algeria,2006,255,10,2.0,Middle East-North Africa,182.0,0.37242523,Very low,0.015000784,0.29498956,0.0,0.00012998551,98.382347,0.041328549,1.2662071,Muslims,4,4,5,5,2
Algeria,2007,472,8,2.0,Middle East-North Africa,182.0,0.37242523,Very low,0.015000784,0.29498956,0.0,0.00012998551,98.382347,0.041328549,1.2662071,Muslims,4,4,5,5,2
Algeria,2008,339,52,2.0,Middle East-North Africa,182.0,0.37242523,Very low,0.015000784,0.29498956,0.0,0.00012998551,98.382347,0.041328549,1.2662071,Muslims,4,4,5,5,2
Algeria,2009,505,14,2.0,Middle East-North Africa,182.0,0.37242523,Very low,0.015000784,0.29498956,0.0,0.00012998551,98.382347,0.041328549,1.2662071,Muslims,4,4,5,5,2
Algeria,2010,236,10,2.0,Middle East-North Africa,182.0,0.37242523,Very low,0.015000784,0.29498956,0.0,0.00012998551,98.382347,0.041328549,1.2662071,Muslims,4,4,5,5,2
Algeria,2011,267,8,2.0,Middle East-North Africa,182.0,0.37242523,Very low,0.015000784,0.29498956,0.0,0.00012998551,98.382347,0.041328549,1.2662071,Muslims,4,4,5,5,2
Algeria,2012,256,15,2.0,Middle East-North Africa,182.0,0.37242523,Very low,0.015000784,0.29498956,0.0,0.00012998551,98.382347,0.041328549,1.2662071,Muslims,4,4,5,5,2
Algeria,2013,169,1,2.0,Middle East-North Africa,182.0,0.37242523,Very low,0.015000784,0.29498956,0.0,0.00012998551,98.382347,0.041328549,1.2662071,Muslims,4,4,5,5,2
Algeria,2014,111,1,2.0,Middle East-North Africa,182.0,0.37242523,Very low,0.015000784,0.29498956,0.0,0.00012998551,98.382347,0.041328549,1.2662071,Muslims,4,4,5,5,2
Algeria,2015,110,1,2.0,Middle East-North Africa,182.0,0.37242523,Very low,0.015000784,0.29498956,0.0,0.00012998551,98.382347,0.041328549,1.2662071,Muslims,4,4,5,5,2
Algeria,2016,89,0,2.0,Middle East-North Africa,182.0,0.37242523,Very low,0.015000784,0.29498956,0.0,0.00012998551,98.382347,0.041328549,1.2662071,Muslims,4,4,5,5,2
Algeria,2017,77,0,2.0,Middle East-North Africa,182.0,0.37242523,Very low,0.015000784,0.29498956,0.0,0.00012998551,98.382347,0.041328549,1.2662071,Muslims,4,4,5,5,2
Algeria,2018,33,0,2.0,Middle East-North Africa,182.0,0.37242523,Very low,0.015000784,0.29498956,0.0,0.00012998551,98.382347,0.041328549,1.2662071,Muslims,4,4,5,5,2
Algeria,2019,14,0,2.0,Middle East-North Africa,182.0,0.37242523,Very low,0.015000784,0.29498956,0.0,0.00012998551,98.382347,0.041328549,1.2662071,Muslims,4,4,5,5,2
Algeria,2020,28,0,2.0,Middle East-North Africa,182.0,0.37242523,Very low,0.015000784,0.29498956,0.0,0.00012998551,98.382347,0.041328549,1.2662071,Muslims,4,4,5,5,2
Algeria,2021,18,5,2.0,Middle East-North Africa,182.0,0.37242523,Very low,0.015000784,0.29498956,0.0,0.00012998551,98.382347,0.041328549,1.2662071,Muslims,4,4,5,5,2
Algeria,2022,14,0,2.0,Middle East-North Africa,182.0,0.37242523,Very low,0.015000784,0.29498956,0.0,0.00012998551,98.382347,0.041328549,1.2662071,Muslims,4,4,5,5,2
Algeria,2023,1,0,2.0,Middle East-North Africa,182.0,0.37242523,Very low,0.015000784,0.29498956,0.0,0.00012998551,98.382347,0.041328549,1.2662071,Muslims,4,4,5,5,2
Algeria,2024,3,0,2.0,Middle East-North Africa,182.0,0.37242523,Very low,0.015000784,0.29498956,0.0,0.00012998551,98.382347,0.041328549,1.2662071,Muslims,4,4,5,5,2
Angola,1989,2810,234,0.0,Sub-Saharan Africa,143.0,1.5223813,Low,0.0023931684,93.044708,0.0092735281,0.0011965842,0.255656,0.57196772,6.1148081,Christians,4,4,3,3,3
Angola,1990,2558,140,0.0,Sub-Saharan Africa,143.0,1.5223813,Low,0.0023931684,93.044708,0.0092735281,0.0011965842,0.255656,0.57196772,6.1148081,Christians,4,4,3,3,3
Angola,1991,516,212,0.0,Sub-Saharan Africa,143.0,1.5223813,Low,0.0023931684,93.044708,0.0092735281,0.0011965842,0.255656,0.57196772,6.1148081,Christians,4,4,3,3,3
Angola,1992,2346,26,0.0,Sub-Saharan Africa,143.0,1.5223813,Low,0.0023931684,93.044708,0.0092735281,0.0011965842,0.255656,0.57196772,6.1148081,Christians,4,4,3,3,3
Angola,1993,12054,417,0.0,Sub-Saharan Africa,143.0,1.5223813,Low,0.0023931684,93.044708,0.0092735281,0.0011965842,0.255656,0.57196772,6.1148081,Christians,4,4,3,3,3
Angola,1994,3974,269,0.0,Sub-Saharan Africa,143.0,1.5223813,Low,0.0023931684,93.044708,0.0092735281,0.0011965842,0.255656,0.57196772,6.1148081,Christians,4,4,3,3,3
Angola,1995,191,9,0.0,Sub-Saharan Africa,143.0,1.5223813,Low,0.0023931684,93.044708,0.0092735281,0.0011965842,0.255656,0.57196772,6.1148081,Christians,4,4,3,3,3
Angola,1996,31,0,0.0,Sub-Saharan Africa,143.0,1.5223813,Low,0.0023931684,93.044708,0.0092735281,0.0011965842,0.255656,0.57196772,6.1148081,Christians,4,4,3,3,3
Angola,1997,51,0,0.0,Sub-Saharan Africa,143.0,1.5223813,Low,0.0023931684,93.044708,0.0092735281,0.0011965842,0.255656,0.57196772,6.1148081,Christians,4,4,3,3,3
Angola,1998,1087,111,0.0,Sub-Saharan Africa,143.0,1.5223813,Low,0.0023931684,93.044708,0.0092735281,0.0011965842,0.255656,0.57196772,6.1148081,Christians,4,4,3,3,3
Angola,1999,2272,71,0.0,Sub-Saharan Africa,143.0,1.5223813,Low,0.0023931684,93.044708,0.0092735281,0.0011965842,0.255656,0.57196772,6.1148081,Christians,4,4,3,3,3
Angola,2000,951,0,0.0,Sub-Saharan Africa,143.0,1.5223813,Low,0.0023931684,93.044708,0.0092735281,0.0011965842,0.255656,0.57196772,6.1148081,Christians,4,4,3,3,3
Angola,2001,1125,9,0.0,Sub-Saharan Africa,143.0,1.5223813,Low,0.0023931684,93.044708,0.0092735281,0.0011965842,0.255656,0.57196772,6.1148081,Christians,4,4,3,3,3
Angola,2002,521,39,0.0,Sub-Saharan Africa,143.0,1.5223813,Low,0.0023931684,93.044708,0.0092735281,0.0011965842,0.255656,0.57196772,6.1148081,Christians,4,4,3,3,3
Angola,2003,25,0,0.0,Sub-Saharan Africa,143.0,1.5223813,Low,0.0023931684,93.044708,0.0092735281,0.0011965842,0.255656,0.57196772,6.1148081,Christians,4,4,3,3,3
Angola,2004,25,0,0.0,Sub-Saharan Africa,143.0,1.5223813,Low,0.0023931684,93.044708,0.0092735281,0.0011965842,0.255656,0.57196772,6.1148081,Christians,4,4,3,3,3
Angola,2005,8,0,0.0,Sub-Saharan Africa,143.0,1.5223813,Low,0.0023931684,93.044708,0.0092735281,0.0011965842,0.255656,0.57196772,6.1148081,Christians,4,4,3,3,3
Angola,2006,3,0,0.0,Sub-Saharan Africa,143.0,1.5223813,Low,0.0023931684,93.044708,0.0092735281,0.0011965842,0.255656,0.57196772,6.1148081,Christians,4,4,3,3,3
Angola,2007,25,0,0.0,Sub-Saharan Africa,143.0,1.5223813,Low,0.0023931684,93.044708,0.0092735281,0.0011965842,0.255656,0.57196772,6.1148081,Christians,4,4,3,3,3
Angola,2008,4,1,0.0,Sub-Saharan Africa,143.0,1.5223813,Low,0.0023931684,93.044708,0.0092735281,0.0011965842,0.255656,0.57196772,6.1148081,Christians,4,4,3,3,3
Angola,2009,25,0,0.0,Sub-Saharan Africa,143.0,1.5223813,Low,0.0023931684,93.044708,0.0092735281,0.0011965842,0.255656,0.57196772,6.1148081,Christians,4,4,3,3,3
Angola,2010,7,3,0.0,Sub-Saharan Africa,143.0,1.5223813,Low,0.0023931684,93.044708,0.0092735281,0.0011965842,0.255656,0.57196772,6.1148081,Christians,4,4,3,3,3
Angola,2011,1,0,0.0,Sub-Saharan Africa,143.0,1.5223813,Low,0.0023931684,93.044708,0.0092735281,0.0011965842,0.255656,0.57196772,6.1148081,Christians,4,4,3,3,3
Angola,2013,2,0,0.0,Sub-Saharan Africa,143.0,1.5223813,Low,0.0023931684,93.044708,0.0092735281,0.0011965842,0.255656,0.57196772,6.1148081,Christians,4,4,3,3,3
Angola,2014,0,0,0.0,Sub-Saharan Africa,143.0,1.5223813,Low,0.0023931684,93.044708,0.0092735281,0.0011965842,0.255656,0.57196772,6.1148081,Christians,4,4,3,3,3
Angola,2015,1,0,0.0,Sub-Saharan Africa,143.0,1.5223813,Low,0.0023931684,93.044708,0.0092735281,0.0011965842,0.255656,0.57196772,6.1148081,Christians,4,4,3,3,3
Angola,2016,25,0,0.0,Sub-Saharan Africa,143.0,1.5223813,Low,0.0023931684,93.044708,0.0092735281,0.0011965842,0.255656,0.57196772,6.1148081,Christians,4,4,3,3,3
Angola,2017,25,0,0.0,Sub-Saharan Africa,143.0,1.5223813,Low,0.0023931684,93.044708,0.0092735281,0.0011965842,0.255656,0.57196772,6.1148081,Christians,4,4,3,3,3
Angola,2018,1,0,0.0,Sub-Saharan Africa,143.0,1.5223813,Low,0.0023931684,93.044708,0.0092735281,0.0011965842,0.255656,0.57196772,6.1148081,Christians,4,4,3,3,3
Angola,2019,25,0,0.0,Sub-Saharan Africa,143.0,1.5223813,Low,0.0023931684,93.044708,0.0092735281,0.0011965842,0.255656,0.57196772,6.1148081,Christians,4,4,3,3,3
Angola,2020,21,0,0.0,Sub-Saharan Africa,143.0,1.5223813,Low,0.0023931684,93.044708,0.0092735281,0.0011965842,0.255656,0.57196772,6.1148081,Christians,4,4,3,3,3
Angola,2022,20,0,0.0,Sub-Saharan Africa,143.0,1.5223813,Low,0.0023931684,93.044708,0.0092735281,0.0011965842,0.255656,0.57196772,6.1148081,Christians,4,4,3,3,3
Angola,2023,0,0,0.0,Sub-Saharan Africa,143.0,1.5223813,Low,0.0023931684,93.044708,0.0092735281,0.0011965842,0.255656,0.57196772,6.1148081,Christians,4,4,3,3,3
Angola,2024,25,2,0.0,Sub-Saharan Africa,143.0,1.5223813,Low,0.0023931684,93.044708,0.0092735281,0.0011965842,0.255656,0.57196772,6.1148081,Christians,4,4,3,3,3
Argentina,1992,0,0,2.0,Latin America-Caribbean,118.0,2.4368269,Moderate,0.031062232,88.453941,0.0025738536,0.38497812,0.92919636,0.96533829,9.2329092,Christians,4,4,3,3,3
Armenia,1992,85,44,0.0,Asia-Pacific,171.0,0.61517316,Very low,0.010692867,97.312691,0.0074850074,0.0035642891,0.26675764,1.2209328,1.1778806,Christians,4,4,3,3,3
Armenia,1993,37,17,0.0,Asia-Pacific,171.0,0.61517316,Very low,0.010692867,97.312691,0.0074850074,0.0035642891,0.26675764,1.2209328,1.1778806,Christians,4,4,3,3,3
Armenia,1994,30,0,0.0,Asia-Pacific,171.0,0.61517316,Very low,0.010692867,97.312691,0.0074850074,0.0035642891,0.26675764,1.2209328,1.1778806,Christians,4,4,3,3,3
Armenia,1995,7,1,0.0,Asia-Pacific,171.0,0.61517316,Very low,0.010692867,97.312691,0.0074850074,0.0035642891,0.26675764,1.2209328,1.1778806,Christians,4,4,3,3,3
Armenia,2005,1,0,0.0,Asia-Pacific,171.0,0.61517316,Very low,0.010692867,97.312691,0.0074850074,0.0035642891,0.26675764,1.2209328,1.1778806,Christians,4,4,3,3,3
Armenia,2006,2,0,0.0,Asia-Pacific,171.0,0.61517316,Very low,0.010692867,97.312691,0.0074850074,0.0035642891,0.26675764,1.2209328,1.1778806,Christians,4,4,3,3,3
Armenia,2012,9,0,0.0,Asia-Pacific,171.0,0.61517316,Very low,0.010692867,97.312691,0.0074850074,0.0035642891,0.26675764,1.2209328,1.1778806,Christians,4,4,3,3,3
Armenia,2013,1,0,0.0,Asia-Pacific,171.0,0.61517316,Very low,0.010692867,97.312691,0.0074850074,0.0035642891,0.26675764,1.2209328,1.1778806,Christians,4,4,3,3,3
Armenia,2015,9,5,0.0,Asia-Pacific,171.0,0.61517316,Very low,0.010692867,97.312691,0.0074850074,0.0035642891,0.26675764,1.2209328,1.1778806,Christians,4,4,3,3,3
Armenia,2016,4,0,0.0,Asia-Pacific,171.0,0.61517316,Very low,0.010692867,97.312691,0.0074850074,0.0035642891,0.26675764,1.2209328,1.1778806,Christians,4,4,3,3,3
Armenia,2018,1,0,0.0,Asia-Pacific,171.0,0.61517316,Very low,0.010692867,97.312691,0.0074850074,0.0035642891,0.26675764,1.2209328,1.1778806,Christians,4,4,3,3,3
Armenia,2019,2,1,0.0,Asia-Pacific,171.0,0.61517316,Very low,0.010692867,97.312691,0.0074850074,0.0035642891,0.26675764,1.2209328,1.1778806,Christians,4,4,3,3,3
Armenia,2020,10,5,0.0,Asia-Pacific,171.0,0.61517316,Very low,0.010692867,97.312691,0.0074850074,0.0035642891,0.26675764,1.2209328,1.1778806,Christians,4,4,3,3,3
Armenia,2021,10,0,0.0,Asia-Pacific,171.0,0.61517316,Very low,0.010692867,97.312691,0.0074850074,0.0035642891,0.26675764,1.2209328,1.1778806,Christians,4,4,3,3,3
Armenia,2022,154,2,0.0,Asia-Pacific,171.0,0.61517316,Very low,0.010692867,97.312691,0.0074850074,0.0035642891,0.26675764,1.2209328,1.1778806,Christians,4,4,3,3,3
Armenia,2023,20,0,0.0,Asia-Pacific,171.0,0.61517316,Very low,0.010692867,97.312691,0.0074850074,0.0035642891,0.26675764,1.2209328,1.1778806,Christians,4,4,3,3,3
Australia,2018,1,0,0.0,Asia-Pacific,9.0,6.9899096,High,2.6115515,46.750423,2.963423,0.42041209,3.5031476,1.4070219,42.344021,Christians,4,4,3,3,3
Azerbaijan,1991,35,0,0.0,Asia-Pacific,157.0,1.1712245,Low,0.0020418181,0.41967309,0.0068060611,0.084269956,94.727257,0.0,4.7599525,Muslims,4,4,5,5,2
Azerbaijan,1992,2082,146,0.0,Asia-Pacific,157.0,1.1712245,Low,0.0020418181,0.41967309,0.0068060611,0.084269956,94.727257,0.0,4.7599525,Muslims,4,4,5,5,2
Azerbaijan,1993,1194,56,0.0,Asia-Pacific,157.0,1.1712245,Low,0.0020418181,0.41967309,0.0068060611,0.084269956,94.727257,0.0,4.7599525,Muslims,4,4,5,5,2
Azerbaijan,1994,1489,10,0.0,Asia-Pacific,157.0,1.1712245,Low,0.0020418181,0.41967309,0.0068060611,0.084269956,94.727257,0.0,4.7599525,Muslims,4,4,5,5,2
Azerbaijan,1995,55,7,0.0,Asia-Pacific,157.0,1.1712245,Low,0.0020418181,0.41967309,0.0068060611,0.084269956,94.727257,0.0,4.7599525,Muslims,4,4,5,5,2
Azerbaijan,1996,5,0,0.0,Asia-Pacific,157.0,1.1712245,Low,0.0020418181,0.41967309,0.0068060611,0.084269956,94.727257,0.0,4.7599525,Muslims,4,4,5,5,2
Azerbaijan,1997,29,0,0.0,Asia-Pacific,157.0,1.1712245,Low,0.0020418181,0.41967309,0.0068060611,0.084269956,94.727257,0.0,4.7599525,Muslims,4,4,5,5,2
Azerbaijan,1998,34,0,0.0,Asia-Pacific,157.0,1.1712245,Low,0.0020418181,0.41967309,0.0068060611,0.084269956,94.727257,0.0,4.7599525,Muslims,4,4,5,5,2
Azerbaijan,1999,18,0,0.0,Asia-Pacific,157.0,1.1712245,Low,0.0020418181,0.41967309,0.0068060611,0.084269956,94.727257,0.0,4.7599525,Muslims,4,4,5,5,2
Azerbaijan,2000,13,0,0.0,Asia-Pacific,157.0,1.1712245,Low,0.0020418181,0.41967309,0.0068060611,0.084269956,94.727257,0.0,4.7599525,Muslims,4,4,5,5,2
Azerbaijan,2001,6,0,0.0,Asia-Pacific,157.0,1.1712245,Low,0.0020418181,0.41967309,0.0068060611,0.084269956,94.727257,0.0,4.7599525,Muslims,4,4,5,5,2
Azerbaijan,2004,8,3,0.0,Asia-Pacific,157.0,1.1712245,Low,0.0020418181,0.41967309,0.0068060611,0.084269956,94.727257,0.0,4.7599525,Muslims,4,4,5,5,2
Azerbaijan,2005,24,0,0.0,Asia-Pacific,157.0,1.1712245,Low,0.0020418181,0.41967309,0.0068060611,0.084269956,94.727257,0.0,4.7599525,Muslims,4,4,5,5,2
Azerbaijan,2006,5,0,0.0,Asia-Pacific,157.0,1.1712245,Low,0.0020418181,0.41967309,0.0068060611,0.084269956,94.727257,0.0,4.7599525,Muslims,4,4,5,5,2
Azerbaijan,2007,12,0,0.0,Asia-Pacific,157.0,1.1712245,Low,0.0020418181,0.41967309,0.0068060611,0.084269956,94.727257,0.0,4.7599525,Muslims,4,4,5,5,2
Azerbaijan,2008,30,0,0.0,Asia-Pacific,157.0,1.1712245,Low,0.0020418181,0.41967309,0.0068060611,0.084269956,94.727257,0.0,4.7599525,Muslims,4,4,5,5,2
Azerbaijan,2009,7,0,0.0,Asia-Pacific,157.0,1.1712245,Low,0.0020418181,0.41967309,0.0068060611,0.084269956,94.727257,0.0,4.7599525,Muslims,4,4,5,5,2
Azerbaijan,2010,20,0,0.0,Asia-Pacific,157.0,1.1712245,Low,0.0020418181,0.41967309,0.0068060611,0.084269956,94.727257,0.0,4.7599525,Muslims,4,4,5,5,2
Azerbaijan,2011,21,3,0.0,Asia-Pacific,157.0,1.1712245,Low,0.0020418181,0.41967309,0.0068060611,0.084269956,94.727257,0.0,4.7599525,Muslims,4,4,5,5,2
Azerbaijan,2012,16,0,0.0,Asia-Pacific,157.0,1.1712245,Low,0.0020418181,0.41967309,0.0068060611,0.084269956,94.727257,0.0,4.7599525,Muslims,4,4,5,5,2
Azerbaijan,2013,11,0,0.0,Asia-Pacific,157.0,1.1712245,Low,0.0020418181,0.41967309,0.0068060611,0.084269956,94.727257,0.0,4.7599525,Muslims,4,4,5,5,2
Azerbaijan,2014,46,0,0.0,Asia-Pacific,157.0,1.1712245,Low,0.0020418181,0.41967309,0.0068060611,0.084269956,94.727257,0.0,4.7599525,Muslims,4,4,5,5,2
Azerbaijan,2015,63,0,0.0,Asia-Pacific,157.0,1.1712245,Low,0.0020418181,0.41967309,0.0068060611,0.084269956,94.727257,0.0,4.7599525,Muslims,4,4,5,5,2
Azerbaijan,2016,137,10,0.0,Asia-Pacific,157.0,1.1712245,Low,0.0020418181,0.41967309,0.0068060611,0.084269956,94.727257,0.0,4.7599525,Muslims,4,4,5,5,2
Azerbaijan,2017,36,2,0.0,Asia-Pacific,157.0,1.1712245,Low,0.0020418181,0.41967309,0.0068060611,0.084269956,94.727257,0.0,4.7599525,Muslims,4,4,5,5,2
Azerbaijan,2018,16,0,0.0,Asia-Pacific,157.0,1.1712245,Low,0.0020418181,0.41967309,0.0068060611,0.084269956,94.727257,0.0,4.7599525,Muslims,4,4,5,5,2
Azerbaijan,2019,9,1,0.0,Asia-Pacific,157.0,1.1712245,Low,0.0020418181,0.41967309,0.0068060611,0.084269956,94.727257,0.0,4.7599525,Muslims,4,4,5,5,2
Azerbaijan,2020,7636,142,0.0,Asia-Pacific,157.0,1.1712245,Low,0.0020418181,0.41967309,0.0068060611,0.084269956,94.727257,0.0,4.7599525,Muslims,4,4,5,5,2
Azerbaijan,2021,30,12,0.0,Asia-Pacific,157.0,1.1712245,Low,0.0020418181,0.41967309,0.0068060611,0.084269956,94.727257,0.0,4.7599525,Muslims,4,4,5,5,2
Azerbaijan,2022,154,3,0.0,Asia-Pacific,157.0,1.1712245,Low,0.0020418181,0.41967309,0.0068060611,0.084269956,94.727257,0.0,4.7599525,Muslims,4,4,5,5,2
Azerbaijan,2023,442,31,0.0,Asia-Pacific,157.0,1.1712245,Low,0.0020418181,0.41967309,0.0068060611,0.084269956,94.727257,0.0,4.7599525,Muslims,4,4,5,5,2
Bangladesh,1989,26,0,2.0,Asia-Pacific,133.0,1.9177891,Low,0.61018306,0.30009001,7.9023709,0.0,91.067322,0.12003601,0.0,Muslims,4,4,5,5,2
Bangladesh,1990,45,1,2.0,Asia-Pacific,133.0,1.9177891,Low,0.61018306,0.30009001,7.9023709,0.0,91.067322,0.12003601,0.0,Muslims,4,4,5,5,2
Bangladesh,1991,25,0,2.0,Asia-Pacific,133.0,1.9177891,Low,0.61018306,0.30009001,7.9023709,0.0,91.067322,0.12003601,0.0,Muslims,4,4,5,5,2
Bangladesh,1992,24,5,2.0,Asia-Pacific,133.0,1.9177891,Low,0.61018306,0.30009001,7.9023709,0.0,91.067322,0.12003601,0.0,Muslims,4,4,5,5,2
Bangladesh,1993,5,0,2.0,Asia-Pacific,133.0,1.9177891,Low,0.61018306,0.30009001,7.9023709,0.0,91.067322,0.12003601,0.0,Muslims,4,4,5,5,2
Bangladesh,1994,3,0,2.0,Asia-Pacific,133.0,1.9177891,Low,0.61018306,0.30009001,7.9023709,0.0,91.067322,0.12003601,0.0,Muslims,4,4,5,5,2
Bangladesh,1995,5,0,2.0,Asia-Pacific,133.0,1.9177891,Low,0.61018306,0.30009001,7.9023709,0.0,91.067322,0.12003601,0.0,Muslims,4,4,5,5,2
Bangladesh,1996,5,0,2.0,Asia-Pacific,133.0,1.9177891,Low,0.61018306,0.30009001,7.9023709,0.0,91.067322,0.12003601,0.0,Muslims,4,4,5,5,2
Bangladesh,1997,4,0,2.0,Asia-Pacific,133.0,1.9177891,Low,0.61018306,0.30009001,7.9023709,0.0,91.067322,0.12003601,0.0,Muslims,4,4,5,5,2
Bangladesh,2000,11,0,2.0,Asia-Pacific,133.0,1.9177891,Low,0.61018306,0.30009001,7.9023709,0.0,91.067322,0.12003601,0.0,Muslims,4,4,5,5,2
Bangladesh,2002,6,0,2.0,Asia-Pacific,133.0,1.9177891,Low,0.61018306,0.30009001,7.9023709,0.0,91.067322,0.12003601,0.0,Muslims,4,4,5,5,2
Bangladesh,2003,7,0,2.0,Asia-Pacific,133.0,1.9177891,Low,0.61018306,0.30009001,7.9023709,0.0,91.067322,0.12003601,0.0,Muslims,4,4,5,5,2
Bangladesh,2004,24,0,2.0,Asia-Pacific,133.0,1.9177891,Low,0.61018306,0.30009001,7.9023709,0.0,91.067322,0.12003601,0.0,Muslims,4,4,5,5,2
Bangladesh,2005,62,0,2.0,Asia-Pacific,133.0,1.9177891,Low,0.61018306,0.30009001,7.9023709,0.0,91.067322,0.12003601,0.0,Muslims,4,4,5,5,2
Bangladesh,2006,74,0,2.0,Asia-Pacific,133.0,1.9177891,Low,0.61018306,0.30009001,7.9023709,0.0,91.067322,0.12003601,0.0,Muslims,4,4,5,5,2
Bangladesh,2007,18,0,2.0,Asia-Pacific,133.0,1.9177891,Low,0.61018306,0.30009001,7.9023709,0.0,91.067322,0.12003601,0.0,Muslims,4,4,5,5,2
Bangladesh,2008,10,0,2.0,Asia-Pacific,133.0,1.9177891,Low,0.61018306,0.30009001,7.9023709,0.0,91.067322,0.12003601,0.0,Muslims,4,4,5,5,2
Bangladesh,2009,1,0,2.0,Asia-Pacific,133.0,1.9177891,Low,0.61018306,0.30009001,7.9023709,0.0,91.067322,0.12003601,0.0,Muslims,4,4,5,5,2
Bangladesh,2010,1,0,2.0,Asia-Pacific,133.0,1.9177891,Low,0.61018306,0.30009001,7.9023709,0.0,91.067322,0.12003601,0.0,Muslims,4,4,5,5,2
Bangladesh,2015,1,0,2.0,Asia-Pacific,133.0,1.9177891,Low,0.61018306,0.30009001,7.9023709,0.0,91.067322,0.12003601,0.0,Muslims,4,4,5,5,2
Bangladesh,2016,41,0,2.0,Asia-Pacific,133.0,1.9177891,Low,0.61018306,0.30009001,7.9023709,0.0,91.067322,0.12003601,0.0,Muslims,4,4,5,5,2
Bangladesh,2017,47,7,2.0,Asia-Pacific,133.0,1.9177891,Low,0.61018306,0.30009001,7.9023709,0.0,91.067322,0.12003601,0.0,Muslims,4,4,5,5,2
Bangladesh,2018,2,0,2.0,Asia-Pacific,133.0,1.9177891,Low,0.61018306,0.30009001,7.9023709,0.0,91.067322,0.12003601,0.0,Muslims,4,4,5,5,2
Bangladesh,2019,3,0,2.0,Asia-Pacific,133.0,1.9177891,Low,0.61018306,0.30009001,7.9023709,0.0,91.067322,0.12003601,0.0,Muslims,4,4,5,5,2
Bangladesh,2020,3,2,2.0,Asia-Pacific,133.0,1.9177891,Low,0.61018306,0.30009001,7.9023709,0.0,91.067322,0.12003601,0.0,Muslims,4,4,5,5,2
Bangladesh,2022,6,2,2.0,Asia-Pacific,133.0,1.9177891,Low,0.61018306,0.30009001,7.9023709,0.0,91.067322,0.12003601,0.0,Muslims,4,4,5,5,2
Bangladesh,2024,2,2,2.0,Asia-Pacific,133.0,1.9177891,Low,0.61018306,0.30009001,7.9023709,0.0,91.067322,0.12003601,0.0,Muslims,4,4,5,5,2
Belgium,2016,2,0,0.0,Europe,13.0,6.8005438,High,0.1784153,50.9715,0.23222196,0.25082782,6.8113284,2.572257,38.983448,Christians,4,4,3,3,3
Belgium,2018,3,0,0.0,Europe,13.0,6.8005438,High,0.1784153,50.9715,0.23222196,0.25082782,6.8113284,2.572257,38.983448,Christians,4,4,3,3,3
Benin,2020,1,0,0.0,Sub-Saharan Africa,8.0,7.0548515,Very high,0.0082258154,53.231163,0.008297001,6.3275504e-05,31.40123,10.465116,4.88591,Christians,4,4,3,3,3
Benin,2021,11,1,0.0,Sub-Saharan Africa,8.0,7.0548515,Very high,0.0082258154,53.231163,0.008297001,6.3275504e-05,31.40123,10.465116,4.88591,Christians,4,4,3,3,3
Benin,2022,30,1,0.0,Sub-Saharan Africa,8.0,7.0548515,Very high,0.0082258154,53.231163,0.008297001,6.3275504e-05,31.40123,10.465116,4.88591,Christians,4,4,3,3,3
Benin,2023,28,9,0.0,Sub-Saharan Africa,8.0,7.0548515,Very high,0.0082258154,53.231163,0.008297001,6.3275504e-05,31.40123,10.465116,4.88591,Christians,4,4,3,3,3
Benin,2024,77,4,0.0,Sub-Saharan Africa,8.0,7.0548515,Very high,0.0082258154,53.231163,0.008297001,6.3275504e-05,31.40123,10.465116,4.88591,Christians,4,4,3,3,3
Bhutan,1997,4,0,2.0,Asia-Pacific,69.0,4.5546651,Moderate,74.735252,0.55020624,22.50588,5.7136298e-05,0.22215641,1.9427681,0.043676686,Buddhists,2,2,3,2,4
Bosnia-Herzegovina,1992,20724,7348,0.0,Europe,30.0,5.9782372,High,0.0027121345,44.677944,0.0,0.015067413,53.648979,0.60955805,1.0457406,Muslims,4,4,5,5,2
Bosnia-Herzegovina,1993,13233,2166,0.0,Europe,30.0,5.9782372,High,0.0027121345,44.677944,0.0,0.015067413,53.648979,0.60955805,1.0457406,Muslims,4,4,5,5,2
Bosnia-Herzegovina,1994,7022,952,0.0,Europe,30.0,5.9782372,High,0.0027121345,44.677944,0.0,0.015067413,53.648979,0.60955805,1.0457406,Muslims,4,4,5,5,2
Bosnia-Herzegovina,1995,8855,6033,0.0,Europe,30.0,5.9782372,High,0.0027121345,44.677944,0.0,0.015067413,53.648979,0.60955805,1.0457406,Muslims,4,4,5,5,2
Burkina Faso,2017,12,1,0.0,Sub-Saharan Africa,45.0,5.4311719,Moderate,0.0012544937,28.004366,0.00060401548,0.0,67.409698,4.0082779,0.57579911,Muslims,4,4,5,5,2
Burkina Faso,2018,98,2,0.0,Sub-Saharan Africa,45.0,5.4311719,Moderate,0.0012544937,28.004366,0.00060401548,0.0,67.409698,4.0082779,0.57579911,Muslims,4,4,5,5,2
Burkina Faso,2019,349,23,0.0,Sub-Saharan Africa,45.0,5.4311719,Moderate,0.0012544937,28.004366,0.00060401548,0.0,67.409698,4.0082779,0.57579911,Muslims,4,4,5,5,2
Burkina Faso,2020,512,47,0.0,Sub-Saharan Africa,45.0,5.4311719,Moderate,0.0012544937,28.004366,0.00060401548,0.0,67.409698,4.0082779,0.57579911,Muslims,4,4,5,5,2
Burkina Faso,2021,991,114,0.0,Sub-Saharan Africa,45.0,5.4311719,Moderate,0.0012544937,28.004366,0.00060401548,0.0,67.409698,4.0082779,0.57579911,Muslims,4,4,5,5,2
Burkina Faso,2022,2093,375,0.0,Sub-Saharan Africa,45.0,5.4311719,Moderate,0.0012544937,28.004366,0.00060401548,0.0,67.409698,4.0082779,0.57579911,Muslims,4,4,5,5,2
Burkina Faso,2023,4608,252,0.0,Sub-Saharan Africa,45.0,5.4311719,Moderate,0.0012544937,28.004366,0.00060401548,0.0,67.409698,4.0082779,0.57579911,Muslims,4,4,5,5,2
Burkina Faso,2024,2199,138,0.0,Sub-Saharan Africa,45.0,5.4311719,Moderate,0.0012544937,28.004366,0.00060401548,0.0,67.409698,4.0082779,0.57579911,Muslims,4,4,5,5,2
Burundi,1990,7,0,0.0,Sub-Saharan Africa,158.0,1.1289018,Low,0.00016366309,94.980278,0.0074676019,0.00016366309,2.9935937,0.76537955,1.252955,Christians,4,4,3,3,3
Burundi,1991,272,4,0.0,Sub-Saharan Africa,158.0,1.1289018,Low,0.00016366309,94.980278,0.0074676019,0.00016366309,2.9935937,0.76537955,1.252955,Christians,4,4,3,3,3
Burundi,1992,61,1,0.0,Sub-Saharan Africa,158.0,1.1289018,Low,0.00016366309,94.980278,0.0074676019,0.00016366309,2.9935937,0.76537955,1.252955,Christians,4,4,3,3,3
Burundi,1993,6,0,0.0,Sub-Saharan Africa,158.0,1.1289018,Low,0.00016366309,94.980278,0.0074676019,0.00016366309,2.9935937,0.76537955,1.252955,Christians,4,4,3,3,3
Burundi,1994,56,11,0.0,Sub-Saharan Africa,158.0,1.1289018,Low,0.00016366309,94.980278,0.0074676019,0.00016366309,2.9935937,0.76537955,1.252955,Christians,4,4,3,3,3
Burundi,1995,386,74,0.0,Sub-Saharan Africa,158.0,1.1289018,Low,0.00016366309,94.980278,0.0074676019,0.00016366309,2.9935937,0.76537955,1.252955,Christians,4,4,3,3,3
Burundi,1996,988,343,0.0,Sub-Saharan Africa,158.0,1.1289018,Low,0.00016366309,94.980278,0.0074676019,0.00016366309,2.9935937,0.76537955,1.252955,Christians,4,4,3,3,3
Burundi,1997,1159,126,0.0,Sub-Saharan Africa,158.0,1.1289018,Low,0.00016366309,94.980278,0.0074676019,0.00016366309,2.9935937,0.76537955,1.252955,Christians,4,4,3,3,3
Burundi,1998,843,51,0.0,Sub-Saharan Africa,158.0,1.1289018,Low,0.00016366309,94.980278,0.0074676019,0.00016366309,2.9935937,0.76537955,1.252955,Christians,4,4,3,3,3
Burundi,1999,781,176,0.0,Sub-Saharan Africa,158.0,1.1289018,Low,0.00016366309,94.980278,0.0074676019,0.00016366309,2.9935937,0.76537955,1.252955,Christians,4,4,3,3,3
Burundi,2000,1530,123,0.0,Sub-Saharan Africa,158.0,1.1289018,Low,0.00016366309,94.980278,0.0074676019,0.00016366309,2.9935937,0.76537955,1.252955,Christians,4,4,3,3,3
Burundi,2001,1231,247,0.0,Sub-Saharan Africa,158.0,1.1289018,Low,0.00016366309,94.980278,0.0074676019,0.00016366309,2.9935937,0.76537955,1.252955,Christians,4,4,3,3,3
Burundi,2002,1349,334,0.0,Sub-Saharan Africa,158.0,1.1289018,Low,0.00016366309,94.980278,0.0074676019,0.00016366309,2.9935937,0.76537955,1.252955,Christians,4,4,3,3,3
Burundi,2003,913,212,0.0,Sub-Saharan Africa,158.0,1.1289018,Low,0.00016366309,94.980278,0.0074676019,0.00016366309,2.9935937,0.76537955,1.252955,Christians,4,4,3,3,3
Burundi,2004,437,19,0.0,Sub-Saharan Africa,158.0,1.1289018,Low,0.00016366309,94.980278,0.0074676019,0.00016366309,2.9935937,0.76537955,1.252955,Christians,4,4,3,3,3
Burundi,2005,298,28,0.0,Sub-Saharan Africa,158.0,1.1289018,Low,0.00016366309,94.980278,0.0074676019,0.00016366309,2.9935937,0.76537955,1.252955,Christians,4,4,3,3,3
Burundi,2006,141,6,0.0,Sub-Saharan Africa,158.0,1.1289018,Low,0.00016366309,94.980278,0.0074676019,0.00016366309,2.9935937,0.76537955,1.252955,Christians,4,4,3,3,3
Burundi,2007,5,0,0.0,Sub-Saharan Africa,158.0,1.1289018,Low,0.00016366309,94.980278,0.0074676019,0.00016366309,2.9935937,0.76537955,1.252955,Christians,4,4,3,3,3
Burundi,2008,226,9,0.0,Sub-Saharan Africa,158.0,1.1289018,Low,0.00016366309,94.980278,0.0074676019,0.00016366309,2.9935937,0.76537955,1.252955,Christians,4,4,3,3,3
Burundi,2011,2,0,0.0,Sub-Saharan Africa,158.0,1.1289018,Low,0.00016366309,94.980278,0.0074676019,0.00016366309,2.9935937,0.76537955,1.252955,Christians,4,4,3,3,3
Burundi,2012,9,0,0.0,Sub-Saharan Africa,158.0,1.1289018,Low,0.00016366309,94.980278,0.0074676019,0.00016366309,2.9935937,0.76537955,1.252955,Christians,4,4,3,3,3
Burundi,2014,61,0,0.0,Sub-Saharan Africa,158.0,1.1289018,Low,0.00016366309,94.980278,0.0074676019,0.00016366309,2.9935937,0.76537955,1.252955,Christians,4,4,3,3,3
Burundi,2015,185,1,0.0,Sub-Saharan Africa,158.0,1.1289018,Low,0.00016366309,94.980278,0.0074676019,0.00016366309,2.9935937,0.76537955,1.252955,Christians,4,4,3,3,3
Burundi,2016,8,0,0.0,Sub-Saharan Africa,158.0,1.1289018,Low,0.00016366309,94.980278,0.0074676019,0.00016366309,2.9935937,0.76537955,1.252955,Christians,4,4,3,3,3
Burundi,2017,5,0,0.0,Sub-Saharan Africa,158.0,1.1289018,Low,0.00016366309,94.980278,0.0074676019,0.00016366309,2.9935937,0.76537955,1.252955,Christians,4,4,3,3,3
Burundi,2018,7,0,0.0,Sub-Saharan Africa,158.0,1.1289018,Low,0.00016366309,94.980278,0.0074676019,0.00016366309,2.9935937,0.76537955,1.252955,Christians,4,4,3,3,3
Burundi,2019,16,0,0.0,Sub-Saharan Africa,158.0,1.1289018,Low,0.00016366309,94.980278,0.0074676019,0.00016366309,2.9935937,0.76537955,1.252955,Christians,4,4,3,3,3
Burundi,2020,63,3,0.0,Sub-Saharan Africa,158.0,1.1289018,Low,0.00016366309,94.980278,0.0074676019,0.00016366309,2.9935937,0.76537955,1.252955,Christians,4,4,3,3,3
Burundi,2021,24,11,0.0,Sub-Saharan Africa,158.0,1.1289018,Low,0.00016366309,94.980278,0.0074676019,0.00016366309,2.9935937,0.76537955,1.252955,Christians,4,4,3,3,3
Burundi,2022,10,0,0.0,Sub-Saharan Africa,158.0,1.1289018,Low,0.00016366309,94.980278,0.0074676019,0.00016366309,2.9935937,0.76537955,1.252955,Christians,4,4,3,3,3
Burundi,2023,86,22,0.0,Sub-Saharan Africa,158.0,1.1289018,Low,0.00016366309,94.980278,0.0074676019,0.00016366309,2.9935937,0.76537955,1.252955,Christians,4,4,3,3,3
Burundi,2024,19,10,0.0,Sub-Saharan Africa,158.0,1.1289018,Low,0.00016366309,94.980278,0.0074676019,0.00016366309,2.9935937,0.76537955,1.252955,Christians,4,4,3,3,3
Cambodia (Kampuchea),1989,814,16,2.0,Asia-Pacific,168.0,0.66367507,Very low,97.090858,0.31641948,0.00079283462,0.0,2.0429039,0.46998683,0.079039522,Buddhists,2,2,3,2,4
Cambodia (Kampuchea),1990,274,1,2.0,Asia-Pacific,168.0,0.66367507,Very low,97.090858,0.31641948,0.00079283462,0.0,2.0429039,0.46998683,0.079039522,Buddhists,2,2,3,2,4
Cambodia (Kampuchea),1991,220,34,2.0,Asia-Pacific,168.0,0.66367507,Very low,97.090858,0.31641948,0.00079283462,0.0,2.0429039,0.46998683,0.079039522,Buddhists,2,2,3,2,4
Cambodia (Kampuchea),1992,118,15,2.0,Asia-Pacific,168.0,0.66367507,Very low,97.090858,0.31641948,0.00079283462,0.0,2.0429039,0.46998683,0.079039522,Buddhists,2,2,3,2,4
Cambodia (Kampuchea),1993,274,18,2.0,Asia-Pacific,168.0,0.66367507,Very low,97.090858,0.31641948,0.00079283462,0.0,2.0429039,0.46998683,0.079039522,Buddhists,2,2,3,2,4
Cambodia (Kampuchea),1994,464,7,2.0,Asia-Pacific,168.0,0.66367507,Very low,97.090858,0.31641948,0.00079283462,0.0,2.0429039,0.46998683,0.079039522,Buddhists,2,2,3,2,4
Cambodia (Kampuchea),1995,694,21,2.0,Asia-Pacific,168.0,0.66367507,Very low,97.090858,0.31641948,0.00079283462,0.0,2.0429039,0.46998683,0.079039522,Buddhists,2,2,3,2,4
Cambodia (Kampuchea),1996,788,12,2.0,Asia-Pacific,168.0,0.66367507,Very low,97.090858,0.31641948,0.00079283462,0.0,2.0429039,0.46998683,0.079039522,Buddhists,2,2,3,2,4
Cambodia (Kampuchea),1997,415,5,2.0,Asia-Pacific,168.0,0.66367507,Very low,97.090858,0.31641948,0.00079283462,0.0,2.0429039,0.46998683,0.079039522,Buddhists,2,2,3,2,4
Cambodia (Kampuchea),1998,243,41,2.0,Asia-Pacific,168.0,0.66367507,Very low,97.090858,0.31641948,0.00079283462,0.0,2.0429039,0.46998683,0.079039522,Buddhists,2,2,3,2,4
Cameroon,2014,969,12,0.0,Sub-Saharan Africa,52.0,5.2237725,Moderate,0.0018199101,69.833939,0.0074303336,0.0063794805,25.15727,2.9132965,2.0798645,Christians,4,4,3,3,3
Cameroon,2015,924,2,0.0,Sub-Saharan Africa,52.0,5.2237725,Moderate,0.0018199101,69.833939,0.0074303336,0.0063794805,25.15727,2.9132965,2.0798645,Christians,4,4,3,3,3
Cameroon,2016,181,4,0.0,Sub-Saharan Africa,52.0,5.2237725,Moderate,0.0018199101,69.833939,0.0074303336,0.0063794805,25.15727,2.9132965,2.0798645,Christians,4,4,3,3,3
Cameroon,2017,121,5,0.0,Sub-Saharan Africa,52.0,5.2237725,Moderate,0.0018199101,69.833939,0.0074303336,0.0063794805,25.15727,2.9132965,2.0798645,Christians,4,4,3,3,3
Cameroon,2018,800,59,0.0,Sub-Saharan Africa,52.0,5.2237725,Moderate,0.0018199101,69.833939,0.0074303336,0.0063794805,25.15727,2.9132965,2.0798645,Christians,4,4,3,3,3
Cameroon,2019,714,94,0.0,Sub-Saharan Africa,52.0,5.2237725,Moderate,0.0018199101,69.833939,0.0074303336,0.0063794805,25.15727,2.9132965,2.0798645,Christians,4,4,3,3,3
Cameroon,2020,440,86,0.0,Sub-Saharan Africa,52.0,5.2237725,Moderate,0.0018199101,69.833939,0.0074303336,0.0063794805,25.15727,2.9132965,2.0798645,Christians,4,4,3,3,3
Cameroon,2021,603,77,0.0,Sub-Saharan Africa,52.0,5.2237725,Moderate,0.0018199101,69.833939,0.0074303336,0.0063794805,25.15727,2.9132965,2.0798645,Christians,4,4,3,3,3
Cameroon,2022,415,40,0.0,Sub-Saharan Africa,52.0,5.2237725,Moderate,0.0018199101,69.833939,0.0074303336,0.0063794805,25.15727,2.9132965,2.0798645,Christians,4,4,3,3,3
Cameroon,2023,358,36,0.0,Sub-Saharan Africa,52.0,5.2237725,Moderate,0.0018199101,69.833939,0.0074303336,0.0063794805,25.15727,2.9132965,2.0798645,Christians,4,4,3,3,3
Cameroon,2024,254,41,0.0,Sub-Saharan Africa,52.0,5.2237725,Moderate,0.0018199101,69.833939,0.0074303336,0.0063794805,25.15727,2.9132965,2.0798645,Christians,4,4,3,3,3
Central African Republic,2001,195,2,0.0,Sub-Saharan Africa,130.0,2.0206375,Moderate,0.0018716007,90.675163,0.0024330809,0.0031817211,6.2410378,2.6238563,0.45245379,Christians,4,4,3,3,3
Central African Republic,2002,131,24,0.0,Sub-Saharan Africa,130.0,2.0206375,Moderate,0.0018716007,90.675163,0.0024330809,0.0031817211,6.2410378,2.6238563,0.45245379,Christians,4,4,3,3,3
Central African Republic,2003,13,0,0.0,Sub-Saharan Africa,130.0,2.0206375,Moderate,0.0018716007,90.675163,0.0024330809,0.0031817211,6.2410378,2.6238563,0.45245379,Christians,4,4,3,3,3
Central African Republic,2006,46,0,0.0,Sub-Saharan Africa,130.0,2.0206375,Moderate,0.0018716007,90.675163,0.0024330809,0.0031817211,6.2410378,2.6238563,0.45245379,Christians,4,4,3,3,3
Central African Republic,2007,11,0,0.0,Sub-Saharan Africa,130.0,2.0206375,Moderate,0.0018716007,90.675163,0.0024330809,0.0031817211,6.2410378,2.6238563,0.45245379,Christians,4,4,3,3,3
Central African Republic,2009,88,2,0.0,Sub-Saharan Africa,130.0,2.0206375,Moderate,0.0018716007,90.675163,0.0024330809,0.0031817211,6.2410378,2.6238563,0.45245379,Christians,4,4,3,3,3
Central African Republic,2010,47,3,0.0,Sub-Saharan Africa,130.0,2.0206375,Moderate,0.0018716007,90.675163,0.0024330809,0.0031817211,6.2410378,2.6238563,0.45245379,Christians,4,4,3,3,3
Central African Republic,2011,48,7,0.0,Sub-Saharan Africa,130.0,2.0206375,Moderate,0.0018716007,90.675163,0.0024330809,0.0031817211,6.2410378,2.6238563,0.45245379,Christians,4,4,3,3,3
Central African Republic,2012,59,1,0.0,Sub-Saharan Africa,130.0,2.0206375,Moderate,0.0018716007,90.675163,0.0024330809,0.0031817211,6.2410378,2.6238563,0.45245379,Christians,4,4,3,3,3
Central African Republic,2013,417,62,0.0,Sub-Saharan Africa,130.0,2.0206375,Moderate,0.0018716007,90.675163,0.0024330809,0.0031817211,6.2410378,2.6238563,0.45245379,Christians,4,4,3,3,3
Central African Republic,2014,153,21,0.0,Sub-Saharan Africa,130.0,2.0206375,Moderate,0.0018716007,90.675163,0.0024330809,0.0031817211,6.2410378,2.6238563,0.45245379,Christians,4,4,3,3,3
Central African Republic,2015,35,3,0.0,Sub-Saharan Africa,130.0,2.0206375,Moderate,0.0018716007,90.675163,0.0024330809,0.0031817211,6.2410378,2.6238563,0.45245379,Christians,4,4,3,3,3
Central African Republic,2017,73,3,0.0,Sub-Saharan Africa,130.0,2.0206375,Moderate,0.0018716007,90.675163,0.0024330809,0.0031817211,6.2410378,2.6238563,0.45245379,Christians,4,4,3,3,3
Central African Republic,2018,103,8,0.0,Sub-Saharan Africa,130.0,2.0206375,Moderate,0.0018716007,90.675163,0.0024330809,0.0031817211,6.2410378,2.6238563,0.45245379,Christians,4,4,3,3,3
Central African Republic,2019,68,0,0.0,Sub-Saharan Africa,130.0,2.0206375,Moderate,0.0018716007,90.675163,0.0024330809,0.0031817211,6.2410378,2.6238563,0.45245379,Christians,4,4,3,3,3
Central African Republic,2020,78,12,0.0,Sub-Saharan Africa,130.0,2.0206375,Moderate,0.0018716007,90.675163,0.0024330809,0.0031817211,6.2410378,2.6238563,0.45245379,Christians,4,4,3,3,3
Central African Republic,2021,906,225,0.0,Sub-Saharan Africa,130.0,2.0206375,Moderate,0.0018716007,90.675163,0.0024330809,0.0031817211,6.2410378,2.6238563,0.45245379,Christians,4,4,3,3,3
Central African Republic,2022,677,244,0.0,Sub-Saharan Africa,130.0,2.0206375,Moderate,0.0018716007,90.675163,0.0024330809,0.0031817211,6.2410378,2.6238563,0.45245379,Christians,4,4,3,3,3
Central African Republic,2023,284,55,0.0,Sub-Saharan Africa,130.0,2.0206375,Moderate,0.0018716007,90.675163,0.0024330809,0.0031817211,6.2410378,2.6238563,0.45245379,Christians,4,4,3,3,3
Central African Republic,2024,183,28,0.0,Sub-Saharan Africa,130.0,2.0206375,Moderate,0.0018716007,90.675163,0.0024330809,0.0031817211,6.2410378,2.6238563,0.45245379,Christians,4,4,3,3,3
Chad,1989,50,0,0.0,Sub-Saharan Africa,25.0,6.1818047,High,0.010874331,38.894054,0.0099971751,0.0,56.357784,1.592638,3.1346579,Muslims,4,4,5,5,2
Chad,1990,652,0,0.0,Sub-Saharan Africa,25.0,6.1818047,High,0.010874331,38.894054,0.0099971751,0.0,56.357784,1.592638,3.1346579,Muslims,4,4,5,5,2
Chad,1991,68,0,0.0,Sub-Saharan Africa,25.0,6.1818047,High,0.010874331,38.894054,0.0099971751,0.0,56.357784,1.592638,3.1346579,Muslims,4,4,5,5,2
Chad,1992,899,0,0.0,Sub-Saharan Africa,25.0,6.1818047,High,0.010874331,38.894054,0.0099971751,0.0,56.357784,1.592638,3.1346579,Muslims,4,4,5,5,2
Chad,1993,120,1,0.0,Sub-Saharan Africa,25.0,6.1818047,High,0.010874331,38.894054,0.0099971751,0.0,56.357784,1.592638,3.1346579,Muslims,4,4,5,5,2
Chad,1994,167,0,0.0,Sub-Saharan Africa,25.0,6.1818047,High,0.010874331,38.894054,0.0099971751,0.0,56.357784,1.592638,3.1346579,Muslims,4,4,5,5,2
Chad,1995,4,0,0.0,Sub-Saharan Africa,25.0,6.1818047,High,0.010874331,38.894054,0.0099971751,0.0,56.357784,1.592638,3.1346579,Muslims,4,4,5,5,2
Chad,1997,97,0,0.0,Sub-Saharan Africa,25.0,6.1818047,High,0.010874331,38.894054,0.0099971751,0.0,56.357784,1.592638,3.1346579,Muslims,4,4,5,5,2
Chad,1998,34,3,0.0,Sub-Saharan Africa,25.0,6.1818047,High,0.010874331,38.894054,0.0099971751,0.0,56.357784,1.592638,3.1346579,Muslims,4,4,5,5,2
Chad,1999,394,0,0.0,Sub-Saharan Africa,25.0,6.1818047,High,0.010874331,38.894054,0.0099971751,0.0,56.357784,1.592638,3.1346579,Muslims,4,4,5,5,2
Chad,2000,993,0,0.0,Sub-Saharan Africa,25.0,6.1818047,High,0.010874331,38.894054,0.0099971751,0.0,56.357784,1.592638,3.1346579,Muslims,4,4,5,5,2
Chad,2001,226,0,0.0,Sub-Saharan Africa,25.0,6.1818047,High,0.010874331,38.894054,0.0099971751,0.0,56.357784,1.592638,3.1346579,Muslims,4,4,5,5,2
Chad,2002,294,0,0.0,Sub-Saharan Africa,25.0,6.1818047,High,0.010874331,38.894054,0.0099971751,0.0,56.357784,1.592638,3.1346579,Muslims,4,4,5,5,2
Chad,2003,37,0,0.0,Sub-Saharan Africa,25.0,6.1818047,High,0.010874331,38.894054,0.0099971751,0.0,56.357784,1.592638,3.1346579,Muslims,4,4,5,5,2
Chad,2004,52,2,0.0,Sub-Saharan Africa,25.0,6.1818047,High,0.010874331,38.894054,0.0099971751,0.0,56.357784,1.592638,3.1346579,Muslims,4,4,5,5,2
Chad,2005,100,0,0.0,Sub-Saharan Africa,25.0,6.1818047,High,0.010874331,38.894054,0.0099971751,0.0,56.357784,1.592638,3.1346579,Muslims,4,4,5,5,2
Chad,2006,1250,77,0.0,Sub-Saharan Africa,25.0,6.1818047,High,0.010874331,38.894054,0.0099971751,0.0,56.357784,1.592638,3.1346579,Muslims,4,4,5,5,2
Chad,2007,100,15,0.0,Sub-Saharan Africa,25.0,6.1818047,High,0.010874331,38.894054,0.0099971751,0.0,56.357784,1.592638,3.1346579,Muslims,4,4,5,5,2
Chad,2008,991,1,0.0,Sub-Saharan Africa,25.0,6.1818047,High,0.010874331,38.894054,0.0099971751,0.0,56.357784,1.592638,3.1346579,Muslims,4,4,5,5,2
Chad,2009,135,10,0.0,Sub-Saharan Africa,25.0,6.1818047,High,0.010874331,38.894054,0.0099971751,0.0,56.357784,1.592638,3.1346579,Muslims,4,4,5,5,2
Chad,2010,4,0,0.0,Sub-Saharan Africa,25.0,6.1818047,High,0.010874331,38.894054,0.0099971751,0.0,56.357784,1.592638,3.1346579,Muslims,4,4,5,5,2
Chad,2015,275,1,0.0,Sub-Saharan Africa,25.0,6.1818047,High,0.010874331,38.894054,0.0099971751,0.0,56.357784,1.592638,3.1346579,Muslims,4,4,5,5,2
Chad,2016,18,1,0.0,Sub-Saharan Africa,25.0,6.1818047,High,0.010874331,38.894054,0.0099971751,0.0,56.357784,1.592638,3.1346579,Muslims,4,4,5,5,2
Chad,2017,60,0,0.0,Sub-Saharan Africa,25.0,6.1818047,High,0.010874331,38.894054,0.0099971751,0.0,56.357784,1.592638,3.1346579,Muslims,4,4,5,5,2
Chad,2018,150,10,0.0,Sub-Saharan Africa,25.0,6.1818047,High,0.010874331,38.894054,0.0099971751,0.0,56.357784,1.592638,3.1346579,Muslims,4,4,5,5,2
Chad,2019,146,4,0.0,Sub-Saharan Africa,25.0,6.1818047,High,0.010874331,38.894054,0.0099971751,0.0,56.357784,1.592638,3.1346579,Muslims,4,4,5,5,2
Chad,2020,196,1,0.0,Sub-Saharan Africa,25.0,6.1818047,High,0.010874331,38.894054,0.0099971751,0.0,56.357784,1.592638,3.1346579,Muslims,4,4,5,5,2
Chad,2021,486,0,0.0,Sub-Saharan Africa,25.0,6.1818047,High,0.010874331,38.894054,0.0099971751,0.0,56.357784,1.592638,3.1346579,Muslims,4,4,5,5,2
Chad,2022,45,4,0.0,Sub-Saharan Africa,25.0,6.1818047,High,0.010874331,38.894054,0.0099971751,0.0,56.357784,1.592638,3.1346579,Muslims,4,4,5,5,2
Chad,2023,61,0,0.0,Sub-Saharan Africa,25.0,6.1818047,High,0.010874331,38.894054,0.0099971751,0.0,56.357784,1.592638,3.1346579,Muslims,4,4,5,5,2
Chad,2024,70,0,0.0,Sub-Saharan Africa,25.0,6.1818047,High,0.010874331,38.894054,0.0099971751,0.0,56.357784,1.592638,3.1346579,Muslims,4,4,5,5,2
China,1990,22,0,0.0,Asia-Pacific,126.0,2.2610345,Moderate,3.7429757,1.7847568,0.0020417899,0.00021302719,1.8218017,3.0250807,89.623131,Religiously_Unaffiliated,1,1,1,1,5
China,1999,0,0,0.0,Asia-Pacific,126.0,2.2610345,Moderate,3.7429757,1.7847568,0.0020417899,0.00021302719,1.8218017,3.0250807,89.623131,Religiously_Unaffiliated,1,1,1,1,5
China,2007,0,0,0.0,Asia-Pacific,126.0,2.2610345,Moderate,3.7429757,1.7847568,0.0020417899,0.00021302719,1.8218017,3.0250807,89.623131,Religiously_Unaffiliated,1,1,1,1,5
China,2008,36,0,0.0,Asia-Pacific,126.0,2.2610345,Moderate,3.7429757,1.7847568,0.0020417899,0.00021302719,1.8218017,3.0250807,89.623131,Religiously_Unaffiliated,1,1,1,1,5
China,2009,2,0,0.0,Asia-Pacific,126.0,2.2610345,Moderate,3.7429757,1.7847568,0.0020417899,0.00021302719,1.8218017,3.0250807,89.623131,Religiously_Unaffiliated,1,1,1,1,5
China,2015,5,5,0.0,Asia-Pacific,126.0,2.2610345,Moderate,3.7429757,1.7847568,0.0020417899,0.00021302719,1.8218017,3.0250807,89.623131,Religiously_Unaffiliated,1,1,1,1,5
China,2017,6,0,0.0,Asia-Pacific,126.0,2.2610345,Moderate,3.7429757,1.7847568,0.0020417899,0.00021302719,1.8218017,3.0250807,89.623131,Religiously_Unaffiliated,1,1,1,1,5
China,2023,1,1,0.0,Asia-Pacific,126.0,2.2610345,Moderate,3.7429757,1.7847568,0.0020417899,0.00021302719,1.8218017,3.0250807,89.623131,Religiously_Unaffiliated,1,1,1,1,5
Colombia,1989,238,4,0.0,Latin America-Caribbean,104.0,2.8562493,Moderate,0.0092215305,86.246964,0.0010246146,0.0041378662,0.0039269077,3.7911248,9.9436026,Christians,4,4,3,3,3
Colombia,1990,501,14,0.0,Latin America-Caribbean,104.0,2.8562493,Moderate,0.0092215305,86.246964,0.0010246146,0.0041378662,0.0039269077,3.7911248,9.9436026,Christians,4,4,3,3,3
Colombia,1991,731,6,0.0,Latin America-Caribbean,104.0,2.8562493,Moderate,0.0092215305,86.246964,0.0010246146,0.0041378662,0.0039269077,3.7911248,9.9436026,Christians,4,4,3,3,3
Colombia,1992,1479,22,0.0,Latin America-Caribbean,104.0,2.8562493,Moderate,0.0092215305,86.246964,0.0010246146,0.0041378662,0.0039269077,3.7911248,9.9436026,Christians,4,4,3,3,3
Colombia,1993,186,5,0.0,Latin America-Caribbean,104.0,2.8562493,Moderate,0.0092215305,86.246964,0.0010246146,0.0041378662,0.0039269077,3.7911248,9.9436026,Christians,4,4,3,3,3
Colombia,1994,1132,13,0.0,Latin America-Caribbean,104.0,2.8562493,Moderate,0.0092215305,86.246964,0.0010246146,0.0041378662,0.0039269077,3.7911248,9.9436026,Christians,4,4,3,3,3
Colombia,1995,823,13,0.0,Latin America-Caribbean,104.0,2.8562493,Moderate,0.0092215305,86.246964,0.0010246146,0.0041378662,0.0039269077,3.7911248,9.9436026,Christians,4,4,3,3,3
Colombia,1996,1195,21,0.0,Latin America-Caribbean,104.0,2.8562493,Moderate,0.0092215305,86.246964,0.0010246146,0.0041378662,0.0039269077,3.7911248,9.9436026,Christians,4,4,3,3,3
Colombia,1997,561,45,0.0,Latin America-Caribbean,104.0,2.8562493,Moderate,0.0092215305,86.246964,0.0010246146,0.0041378662,0.0039269077,3.7911248,9.9436026,Christians,4,4,3,3,3
Colombia,1998,940,83,0.0,Latin America-Caribbean,104.0,2.8562493,Moderate,0.0092215305,86.246964,0.0010246146,0.0041378662,0.0039269077,3.7911248,9.9436026,Christians,4,4,3,3,3
Colombia,1999,1588,56,0.0,Latin America-Caribbean,104.0,2.8562493,Moderate,0.0092215305,86.246964,0.0010246146,0.0041378662,0.0039269077,3.7911248,9.9436026,Christians,4,4,3,3,3
Colombia,2000,1879,143,0.0,Latin America-Caribbean,104.0,2.8562493,Moderate,0.0092215305,86.246964,0.0010246146,0.0041378662,0.0039269077,3.7911248,9.9436026,Christians,4,4,3,3,3
Colombia,2001,1879,72,0.0,Latin America-Caribbean,104.0,2.8562493,Moderate,0.0092215305,86.246964,0.0010246146,0.0041378662,0.0039269077,3.7911248,9.9436026,Christians,4,4,3,3,3
Colombia,2002,3387,219,0.0,Latin America-Caribbean,104.0,2.8562493,Moderate,0.0092215305,86.246964,0.0010246146,0.0041378662,0.0039269077,3.7911248,9.9436026,Christians,4,4,3,3,3
Colombia,2003,2098,107,0.0,Latin America-Caribbean,104.0,2.8562493,Moderate,0.0092215305,86.246964,0.0010246146,0.0041378662,0.0039269077,3.7911248,9.9436026,Christians,4,4,3,3,3
Colombia,2004,1360,45,0.0,Latin America-Caribbean,104.0,2.8562493,Moderate,0.0092215305,86.246964,0.0010246146,0.0041378662,0.0039269077,3.7911248,9.9436026,Christians,4,4,3,3,3
Colombia,2005,1577,89,0.0,Latin America-Caribbean,104.0,2.8562493,Moderate,0.0092215305,86.246964,0.0010246146,0.0041378662,0.0039269077,3.7911248,9.9436026,Christians,4,4,3,3,3
Colombia,2006,509,20,0.0,Latin America-Caribbean,104.0,2.8562493,Moderate,0.0092215305,86.246964,0.0010246146,0.0041378662,0.0039269077,3.7911248,9.9436026,Christians,4,4,3,3,3
Colombia,2007,331,20,0.0,Latin America-Caribbean,104.0,2.8562493,Moderate,0.0092215305,86.246964,0.0010246146,0.0041378662,0.0039269077,3.7911248,9.9436026,Christians,4,4,3,3,3
Colombia,2008,232,13,0.0,Latin America-Caribbean,104.0,2.8562493,Moderate,0.0092215305,86.246964,0.0010246146,0.0041378662,0.0039269077,3.7911248,9.9436026,Christians,4,4,3,3,3
Colombia,2009,391,13,0.0,Latin America-Caribbean,104.0,2.8562493,Moderate,0.0092215305,86.246964,0.0010246146,0.0041378662,0.0039269077,3.7911248,9.9436026,Christians,4,4,3,3,3
Colombia,2010,419,26,0.0,Latin America-Caribbean,104.0,2.8562493,Moderate,0.0092215305,86.246964,0.0010246146,0.0041378662,0.0039269077,3.7911248,9.9436026,Christians,4,4,3,3,3
Colombia,2011,202,2,0.0,Latin America-Caribbean,104.0,2.8562493,Moderate,0.0092215305,86.246964,0.0010246146,0.0041378662,0.0039269077,3.7911248,9.9436026,Christians,4,4,3,3,3
Colombia,2012,211,7,0.0,Latin America-Caribbean,104.0,2.8562493,Moderate,0.0092215305,86.246964,0.0010246146,0.0041378662,0.0039269077,3.7911248,9.9436026,Christians,4,4,3,3,3
Colombia,2013,140,4,0.0,Latin America-Caribbean,104.0,2.8562493,Moderate,0.0092215305,86.246964,0.0010246146,0.0041378662,0.0039269077,3.7911248,9.9436026,Christians,4,4,3,3,3
Colombia,2014,141,2,0.0,Latin America-Caribbean,104.0,2.8562493,Moderate,0.0092215305,86.246964,0.0010246146,0.0041378662,0.0039269077,3.7911248,9.9436026,Christians,4,4,3,3,3
Colombia,2015,139,1,0.0,Latin America-Caribbean,104.0,2.8562493,Moderate,0.0092215305,86.246964,0.0010246146,0.0041378662,0.0039269077,3.7911248,9.9436026,Christians,4,4,3,3,3
Colombia,2016,35,0,0.0,Latin America-Caribbean,104.0,2.8562493,Moderate,0.0092215305,86.246964,0.0010246146,0.0041378662,0.0039269077,3.7911248,9.9436026,Christians,4,4,3,3,3
Colombia,2017,23,2,0.0,Latin America-Caribbean,104.0,2.8562493,Moderate,0.0092215305,86.246964,0.0010246146,0.0041378662,0.0039269077,3.7911248,9.9436026,Christians,4,4,3,3,3
Colombia,2018,132,4,0.0,Latin America-Caribbean,104.0,2.8562493,Moderate,0.0092215305,86.246964,0.0010246146,0.0041378662,0.0039269077,3.7911248,9.9436026,Christians,4,4,3,3,3
Colombia,2019,126,5,0.0,Latin America-Caribbean,104.0,2.8562493,Moderate,0.0092215305,86.246964,0.0010246146,0.0041378662,0.0039269077,3.7911248,9.9436026,Christians,4,4,3,3,3
Colombia,2020,47,6,0.0,Latin America-Caribbean,104.0,2.8562493,Moderate,0.0092215305,86.246964,0.0010246146,0.0041378662,0.0039269077,3.7911248,9.9436026,Christians,4,4,3,3,3
Colombia,2021,131,8,0.0,Latin America-Caribbean,104.0,2.8562493,Moderate,0.0092215305,86.246964,0.0010246146,0.0041378662,0.0039269077,3.7911248,9.9436026,Christians,4,4,3,3,3
Colombia,2022,133,16,0.0,Latin America-Caribbean,104.0,2.8562493,Moderate,0.0092215305,86.246964,0.0010246146,0.0041378662,0.0039269077,3.7911248,9.9436026,Christians,4,4,3,3,3
Colombia,2023,92,7,0.0,Latin America-Caribbean,104.0,2.8562493,Moderate,0.0092215305,86.246964,0.0010246146,0.0041378662,0.0039269077,3.7911248,9.9436026,Christians,4,4,3,3,3
Colombia,2024,225,11,0.0,Latin America-Caribbean,104.0,2.8562493,Moderate,0.0092215305,86.246964,0.0010246146,0.0041378662,0.0039269077,3.7911248,9.9436026,Christians,4,4,3,3,3
Comoros,1989,29,0,0.0,Sub-Saharan Africa,181.0,0.39166173,Very low,0.0,0.50999999,0.00062021968,0.0,98.300003,1.0593798,0.13,Muslims,4,4,5,5,2
Comoros,1997,56,0,0.0,Sub-Saharan Africa,181.0,0.39166173,Very low,0.0,0.50999999,0.00062021968,0.0,98.300003,1.0593798,0.13,Muslims,4,4,5,5,2
Congo,1993,53,1,0.0,Sub-Saharan Africa,164.0,0.85056812,Very low,0.00015326613,96.261513,0.0011975729,0.00010769692,1.2705512,1.2909249,1.1755552,Christians,4,4,3,3,3
Congo,1994,14,3,0.0,Sub-Saharan Africa,164.0,0.85056812,Very low,0.00015326613,96.261513,0.0011975729,0.00010769692,1.2705512,1.2909249,1.1755552,Christians,4,4,3,3,3
Congo,1995,2,0,0.0,Sub-Saharan Africa,164.0,0.85056812,Very low,0.00015326613,96.261513,0.0011975729,0.00010769692,1.2705512,1.2909249,1.1755552,Christians,4,4,3,3,3
Congo,1997,10000,91,0.0,Sub-Saharan Africa,164.0,0.85056812,Very low,0.00015326613,96.261513,0.0011975729,0.00010769692,1.2705512,1.2909249,1.1755552,Christians,4,4,3,3,3
Congo,1998,3272,7,0.0,Sub-Saharan Africa,164.0,0.85056812,Very low,0.00015326613,96.261513,0.0011975729,0.00010769692,1.2705512,1.2909249,1.1755552,Christians,4,4,3,3,3
Congo,1999,626,117,0.0,Sub-Saharan Africa,164.0,0.85056812,Very low,0.00015326613,96.261513,0.0011975729,0.00010769692,1.2705512,1.2909249,1.1755552,Christians,4,4,3,3,3
Congo,2001,3,2,0.0,Sub-Saharan Africa,164.0,0.85056812,Very low,0.00015326613,96.261513,0.0011975729,0.00010769692,1.2705512,1.2909249,1.1755552,Christians,4,4,3,3,3
Congo,2002,167,9,0.0,Sub-Saharan Africa,164.0,0.85056812,Very low,0.00015326613,96.261513,0.0011975729,0.00010769692,1.2705512,1.2909249,1.1755552,Christians,4,4,3,3,3
Congo,2003,22,6,0.0,Sub-Saharan Africa,164.0,0.85056812,Very low,0.00015326613,96.261513,0.0011975729,0.00010769692,1.2705512,1.2909249,1.1755552,Christians,4,4,3,3,3
Congo,2005,11,3,0.0,Sub-Saharan Africa,164.0,0.85056812,Very low,0.00015326613,96.261513,0.0011975729,0.00010769692,1.2705512,1.2909249,1.1755552,Christians,4,4,3,3,3
Congo,2007,2,0,0.0,Sub-Saharan Africa,164.0,0.85056812,Very low,0.00015326613,96.261513,0.0011975729,0.00010769692,1.2705512,1.2909249,1.1755552,Christians,4,4,3,3,3
Congo,2008,1,0,0.0,Sub-Saharan Africa,164.0,0.85056812,Very low,0.00015326613,96.261513,0.0011975729,0.00010769692,1.2705512,1.2909249,1.1755552,Christians,4,4,3,3,3
Congo,2011,1,0,0.0,Sub-Saharan Africa,164.0,0.85056812,Very low,0.00015326613,96.261513,0.0011975729,0.00010769692,1.2705512,1.2909249,1.1755552,Christians,4,4,3,3,3
Congo,2012,2,0,0.0,Sub-Saharan Africa,164.0,0.85056812,Very low,0.00015326613,96.261513,0.0011975729,0.00010769692,1.2705512,1.2909249,1.1755552,Christians,4,4,3,3,3
Congo,2015,0,0,0.0,Sub-Saharan Africa,164.0,0.85056812,Very low,0.00015326613,96.261513,0.0011975729,0.00010769692,1.2705512,1.2909249,1.1755552,Christians,4,4,3,3,3
Congo,2016,73,42,0.0,Sub-Saharan Africa,164.0,0.85056812,Very low,0.00015326613,96.261513,0.0011975729,0.00010769692,1.2705512,1.2909249,1.1755552,Christians,4,4,3,3,3
Congo,2017,20,0,0.0,Sub-Saharan Africa,164.0,0.85056812,Very low,0.00015326613,96.261513,0.0011975729,0.00010769692,1.2705512,1.2909249,1.1755552,Christians,4,4,3,3,3
Congo,2019,0,0,0.0,Sub-Saharan Africa,164.0,0.85056812,Very low,0.00015326613,96.261513,0.0011975729,0.00010769692,1.2705512,1.2909249,1.1755552,Christians,4,4,3,3,3
Congo,2020,0,0,0.0,Sub-Saharan Africa,164.0,0.85056812,Very low,0.00015326613,96.261513,0.0011975729,0.00010769692,1.2705512,1.2909249,1.1755552,Christians,4,4,3,3,3
Congo,2022,3,3,0.0,Sub-Saharan Africa,164.0,0.85056812,Very low,0.00015326613,96.261513,0.0011975729,0.00010769692,1.2705512,1.2909249,1.1755552,Christians,4,4,3,3,3
Croatia,1992,142,22,0.0,Europe,131.0,1.9804337,Low,0.022288118,90.857826,0.011706879,0.015337282,1.3726027,1.0624112,6.6578279,Christians,4,4,3,3,3
Croatia,1993,345,30,0.0,Europe,131.0,1.9804337,Low,0.022288118,90.857826,0.011706879,0.015337282,1.3726027,1.0624112,6.6578279,Christians,4,4,3,3,3
Croatia,1995,826,86,0.0,Europe,131.0,1.9804337,Low,0.022288118,90.857826,0.011706879,0.015337282,1.3726027,1.0624112,6.6578279,Christians,4,4,3,3,3
DR Congo (Zaire),1994,3,0,0.0,Sub-Saharan Africa,164.0,0.85056812,Very low,0.00015326613,96.261513,0.0011975729,0.00010769692,1.2705512,1.2909249,1.1755552,Christians,4,4,3,3,3
DR Congo (Zaire),1996,1371,62,0.0,Sub-Saharan Africa,164.0,0.85056812,Very low,0.00015326613,96.261513,0.0011975729,0.00010769692,1.2705512,1.2909249,1.1755552,Christians,4,4,3,3,3
DR Congo (Zaire),1997,4599,363,0.0,Sub-Saharan Africa,164.0,0.85056812,Very low,0.00015326613,96.261513,0.0011975729,0.00010769692,1.2705512,1.2909249,1.1755552,Christians,4,4,3,3,3
DR Congo (Zaire),1998,3439,204,0.0,Sub-Saharan Africa,164.0,0.85056812,Very low,0.00015326613,96.261513,0.0011975729,0.00010769692,1.2705512,1.2909249,1.1755552,Christians,4,4,3,3,3
DR Congo (Zaire),1999,3282,1045,0.0,Sub-Saharan Africa,164.0,0.85056812,Very low,0.00015326613,96.261513,0.0011975729,0.00010769692,1.2705512,1.2909249,1.1755552,Christians,4,4,3,3,3
DR Congo (Zaire),2000,1473,55,0.0,Sub-Saharan Africa,164.0,0.85056812,Very low,0.00015326613,96.261513,0.0011975729,0.00010769692,1.2705512,1.2909249,1.1755552,Christians,4,4,3,3,3
DR Congo (Zaire),2001,509,20,0.0,Sub-Saharan Africa,164.0,0.85056812,Very low,0.00015326613,96.261513,0.0011975729,0.00010769692,1.2705512,1.2909249,1.1755552,Christians,4,4,3,3,3
DR Congo (Zaire),2002,114,0,0.0,Sub-Saharan Africa,164.0,0.85056812,Very low,0.00015326613,96.261513,0.0011975729,0.00010769692,1.2705512,1.2909249,1.1755552,Christians,4,4,3,3,3
DR Congo (Zaire),2005,34,0,0.0,Sub-Saharan Africa,164.0,0.85056812,Very low,0.00015326613,96.261513,0.0011975729,0.00010769692,1.2705512,1.2909249,1.1755552,Christians,4,4,3,3,3
DR Congo (Zaire),2006,177,6,0.0,Sub-Saharan Africa,164.0,0.85056812,Very low,0.00015326613,96.261513,0.0011975729,0.00010769692,1.2705512,1.2909249,1.1755552,Christians,4,4,3,3,3
DR Congo (Zaire),2007,633,37,0.0,Sub-Saharan Africa,164.0,0.85056812,Very low,0.00015326613,96.261513,0.0011975729,0.00010769692,1.2705512,1.2909249,1.1755552,Christians,4,4,3,3,3
DR Congo (Zaire),2008,770,8,0.0,Sub-Saharan Africa,164.0,0.85056812,Very low,0.00015326613,96.261513,0.0011975729,0.00010769692,1.2705512,1.2909249,1.1755552,Christians,4,4,3,3,3
DR Congo (Zaire),2009,1961,24,0.0,Sub-Saharan Africa,164.0,0.85056812,Very low,0.00015326613,96.261513,0.0011975729,0.00010769692,1.2705512,1.2909249,1.1755552,Christians,4,4,3,3,3
DR Congo (Zaire),2010,310,23,0.0,Sub-Saharan Africa,164.0,0.85056812,Very low,0.00015326613,96.261513,0.0011975729,0.00010769692,1.2705512,1.2909249,1.1755552,Christians,4,4,3,3,3
DR Congo (Zaire),2011,330,23,0.0,Sub-Saharan Africa,164.0,0.85056812,Very low,0.00015326613,96.261513,0.0011975729,0.00010769692,1.2705512,1.2909249,1.1755552,Christians,4,4,3,3,3
DR Congo (Zaire),2012,861,47,0.0,Sub-Saharan Africa,164.0,0.85056812,Very low,0.00015326613,96.261513,0.0011975729,0.00010769692,1.2705512,1.2909249,1.1755552,Christians,4,4,3,3,3
DR Congo (Zaire),2013,1543,43,0.0,Sub-Saharan Africa,164.0,0.85056812,Very low,0.00015326613,96.261513,0.0011975729,0.00010769692,1.2705512,1.2909249,1.1755552,Christians,4,4,3,3,3
DR Congo (Zaire),2014,1004,36,0.0,Sub-Saharan Africa,164.0,0.85056812,Very low,0.00015326613,96.261513,0.0011975729,0.00010769692,1.2705512,1.2909249,1.1755552,Christians,4,4,3,3,3
DR Congo (Zaire),2015,256,22,0.0,Sub-Saharan Africa,164.0,0.85056812,Very low,0.00015326613,96.261513,0.0011975729,0.00010769692,1.2705512,1.2909249,1.1755552,Christians,4,4,3,3,3
DR Congo (Zaire),2016,838,67,0.0,Sub-Saharan Africa,164.0,0.85056812,Very low,0.00015326613,96.261513,0.0011975729,0.00010769692,1.2705512,1.2909249,1.1755552,Christians,4,4,3,3,3
DR Congo (Zaire),2017,3718,212,0.0,Sub-Saharan Africa,164.0,0.85056812,Very low,0.00015326613,96.261513,0.0011975729,0.00010769692,1.2705512,1.2909249,1.1755552,Christians,4,4,3,3,3
DR Congo (Zaire),2018,858,130,0.0,Sub-Saharan Africa,164.0,0.85056812,Very low,0.00015326613,96.261513,0.0011975729,0.00010769692,1.2705512,1.2909249,1.1755552,Christians,4,4,3,3,3
DR Congo (Zaire),2019,796,66,0.0,Sub-Saharan Africa,164.0,0.85056812,Very low,0.00015326613,96.261513,0.0011975729,0.00010769692,1.2705512,1.2909249,1.1755552,Christians,4,4,3,3,3
DR Congo (Zaire),2020,1232,208,0.0,Sub-Saharan Africa,164.0,0.85056812,Very low,0.00015326613,96.261513,0.0011975729,0.00010769692,1.2705512,1.2909249,1.1755552,Christians,4,4,3,3,3
DR Congo (Zaire),2021,1080,185,0.0,Sub-Saharan Africa,164.0,0.85056812,Very low,0.00015326613,96.261513,0.0011975729,0.00010769692,1.2705512,1.2909249,1.1755552,Christians,4,4,3,3,3
DR Congo (Zaire),2022,1755,233,0.0,Sub-Saharan Africa,164.0,0.85056812,Very low,0.00015326613,96.261513,0.0011975729,0.00010769692,1.2705512,1.2909249,1.1755552,Christians,4,4,3,3,3
DR Congo (Zaire),2023,729,178,0.0,Sub-Saharan Africa,164.0,0.85056812,Very low,0.00015326613,96.261513,0.0011975729,0.00010769692,1.2705512,1.2909249,1.1755552,Christians,4,4,3,3,3
DR Congo (Zaire),2024,1161,310,0.0,Sub-Saharan Africa,164.0,0.85056812,Very low,0.00015326613,96.261513,0.0011975729,0.00010769692,1.2705512,1.2909249,1.1755552,Christians,4,4,3,3,3
Djibouti,1989,6,0,2.0,Sub-Saharan Africa,177.0,0.53402215,Very low,0.0,1.100099,0.039979678,0.0,97.672073,0.086538285,1.1013136,Muslims,4,4,5,5,2
Djibouti,1990,60,0,2.0,Sub-Saharan Africa,177.0,0.53402215,Very low,0.0,1.100099,0.039979678,0.0,97.672073,0.086538285,1.1013136,Muslims,4,4,5,5,2
Djibouti,1991,60,0,2.0,Sub-Saharan Africa,177.0,0.53402215,Very low,0.0,1.100099,0.039979678,0.0,97.672073,0.086538285,1.1013136,Muslims,4,4,5,5,2
Djibouti,1992,129,0,2.0,Sub-Saharan Africa,177.0,0.53402215,Very low,0.0,1.100099,0.039979678,0.0,97.672073,0.086538285,1.1013136,Muslims,4,4,5,5,2
Djibouti,1993,33,2,2.0,Sub-Saharan Africa,177.0,0.53402215,Very low,0.0,1.100099,0.039979678,0.0,97.672073,0.086538285,1.1013136,Muslims,4,4,5,5,2
Djibouti,1994,39,0,2.0,Sub-Saharan Africa,177.0,0.53402215,Very low,0.0,1.100099,0.039979678,0.0,97.672073,0.086538285,1.1013136,Muslims,4,4,5,5,2
Djibouti,1995,0,0,2.0,Sub-Saharan Africa,177.0,0.53402215,Very low,0.0,1.100099,0.039979678,0.0,97.672073,0.086538285,1.1013136,Muslims,4,4,5,5,2
Djibouti,1997,11,0,2.0,Sub-Saharan Africa,177.0,0.53402215,Very low,0.0,1.100099,0.039979678,0.0,97.672073,0.086538285,1.1013136,Muslims,4,4,5,5,2
Djibouti,1998,16,1,2.0,Sub-Saharan Africa,177.0,0.53402215,Very low,0.0,1.100099,0.039979678,0.0,97.672073,0.086538285,1.1013136,Muslims,4,4,5,5,2
Djibouti,1999,25,3,2.0,Sub-Saharan Africa,177.0,0.53402215,Very low,0.0,1.100099,0.039979678,0.0,97.672073,0.086538285,1.1013136,Muslims,4,4,5,5,2
Ecuador,2008,50,4,0.0,Latin America-Caribbean,119.0,2.4312751,Moderate,0.022002894,88.523621,0.007959703,0.0034113014,0.018136753,3.0334721,8.3913965,Christians,4,4,3,3,3
Ecuador,2019,2,0,0.0,Latin America-Caribbean,119.0,2.4312751,Moderate,0.022002894,88.523621,0.007959703,0.0034113014,0.018136753,3.0334721,8.3913965,Christians,4,4,3,3,3
Egypt,1992,11,0,2.0,Middle East-North Africa,160.0,1.0720915,Low,5.4033269e-05,4.8214159,0.00017096053,0.00021422911,95.172569,0.00092300586,0.0046525225,Muslims,4,4,5,5,2
Egypt,1993,103,5,2.0,Middle East-North Africa,160.0,1.0720915,Low,5.4033269e-05,4.8214159,0.00017096053,0.00021422911,95.172569,0.00092300586,0.0046525225,Muslims,4,4,5,5,2
Egypt,1994,145,3,2.0,Middle East-North Africa,160.0,1.0720915,Low,5.4033269e-05,4.8214159,0.00017096053,0.00021422911,95.172569,0.00092300586,0.0046525225,Muslims,4,4,5,5,2
Egypt,1995,187,13,2.0,Middle East-North Africa,160.0,1.0720915,Low,5.4033269e-05,4.8214159,0.00017096053,0.00021422911,95.172569,0.00092300586,0.0046525225,Muslims,4,4,5,5,2
Egypt,1996,85,11,2.0,Middle East-North Africa,160.0,1.0720915,Low,5.4033269e-05,4.8214159,0.00017096053,0.00021422911,95.172569,0.00092300586,0.0046525225,Muslims,4,4,5,5,2
Egypt,1997,66,4,2.0,Middle East-North Africa,160.0,1.0720915,Low,5.4033269e-05,4.8214159,0.00017096053,0.00021422911,95.172569,0.00092300586,0.0046525225,Muslims,4,4,5,5,2
Egypt,1998,27,3,2.0,Middle East-North Africa,160.0,1.0720915,Low,5.4033269e-05,4.8214159,0.00017096053,0.00021422911,95.172569,0.00092300586,0.0046525225,Muslims,4,4,5,5,2
Egypt,1999,4,0,2.0,Middle East-North Africa,160.0,1.0720915,Low,5.4033269e-05,4.8214159,0.00017096053,0.00021422911,95.172569,0.00092300586,0.0046525225,Muslims,4,4,5,5,2
Egypt,2000,2,0,2.0,Middle East-North Africa,160.0,1.0720915,Low,5.4033269e-05,4.8214159,0.00017096053,0.00021422911,95.172569,0.00092300586,0.0046525225,Muslims,4,4,5,5,2
Egypt,2010,1,0,2.0,Middle East-North Africa,160.0,1.0720915,Low,5.4033269e-05,4.8214159,0.00017096053,0.00021422911,95.172569,0.00092300586,0.0046525225,Muslims,4,4,5,5,2
Egypt,2014,208,1,2.0,Middle East-North Africa,160.0,1.0720915,Low,5.4033269e-05,4.8214159,0.00017096053,0.00021422911,95.172569,0.00092300586,0.0046525225,Muslims,4,4,5,5,2
Egypt,2015,767,9,2.0,Middle East-North Africa,160.0,1.0720915,Low,5.4033269e-05,4.8214159,0.00017096053,0.00021422911,95.172569,0.00092300586,0.0046525225,Muslims,4,4,5,5,2
Egypt,2016,367,2,2.0,Middle East-North Africa,160.0,1.0720915,Low,5.4033269e-05,4.8214159,0.00017096053,0.00021422911,95.172569,0.00092300586,0.0046525225,Muslims,4,4,5,5,2
Egypt,2017,497,20,2.0,Middle East-North Africa,160.0,1.0720915,Low,5.4033269e-05,4.8214159,0.00017096053,0.00021422911,95.172569,0.00092300586,0.0046525225,Muslims,4,4,5,5,2
Egypt,2018,680,9,2.0,Middle East-North Africa,160.0,1.0720915,Low,5.4033269e-05,4.8214159,0.00017096053,0.00021422911,95.172569,0.00092300586,0.0046525225,Muslims,4,4,5,5,2
Egypt,2019,637,48,2.0,Middle East-North Africa,160.0,1.0720915,Low,5.4033269e-05,4.8214159,0.00017096053,0.00021422911,95.172569,0.00092300586,0.0046525225,Muslims,4,4,5,5,2
Egypt,2020,527,43,2.0,Middle East-North Africa,160.0,1.0720915,Low,5.4033269e-05,4.8214159,0.00017096053,0.00021422911,95.172569,0.00092300586,0.0046525225,Muslims,4,4,5,5,2
Egypt,2021,112,15,2.0,Middle East-North Africa,160.0,1.0720915,Low,5.4033269e-05,4.8214159,0.00017096053,0.00021422911,95.172569,0.00092300586,0.0046525225,Muslims,4,4,5,5,2
Egypt,2022,231,8,2.0,Middle East-North Africa,160.0,1.0720915,Low,5.4033269e-05,4.8214159,0.00017096053,0.00021422911,95.172569,0.00092300586,0.0046525225,Muslims,4,4,5,5,2
Egypt,2023,1,0,2.0,Middle East-North Africa,160.0,1.0720915,Low,5.4033269e-05,4.8214159,0.00017096053,0.00021422911,95.172569,0.00092300586,0.0046525225,Muslims,4,4,5,5,2
El Salvador,1989,4924,98,0.0,Latin America-Caribbean,110.0,2.6482811,Moderate,0.0066743675,87.108383,0.0019069621,0.0015891352,0.0034960972,0.99595374,11.881999,Christians,4,4,3,3,3
El Salvador,1990,849,18,0.0,Latin America-Caribbean,110.0,2.6482811,Moderate,0.0066743675,87.108383,0.0019069621,0.0015891352,0.0034960972,0.99595374,11.881999,Christians,4,4,3,3,3
El Salvador,1991,88,0,0.0,Latin America-Caribbean,110.0,2.6482811,Moderate,0.0066743675,87.108383,0.0019069621,0.0015891352,0.0034960972,0.99595374,11.881999,Christians,4,4,3,3,3
El Salvador,1992,4,0,0.0,Latin America-Caribbean,110.0,2.6482811,Moderate,0.0066743675,87.108383,0.0019069621,0.0015891352,0.0034960972,0.99595374,11.881999,Christians,4,4,3,3,3
Eritrea,1993,21,0,0.0,Sub-Saharan Africa,29.0,6.0090423,High,0.00084367587,46.671173,0.030002009,0.00028122528,51.669579,0.56696767,1.061152,Muslims,4,4,5,5,2
Eritrea,1996,14,0,0.0,Sub-Saharan Africa,29.0,6.0090423,High,0.00084367587,46.671173,0.030002009,0.00028122528,51.669579,0.56696767,1.061152,Muslims,4,4,5,5,2
Eritrea,1997,31,0,0.0,Sub-Saharan Africa,29.0,6.0090423,High,0.00084367587,46.671173,0.030002009,0.00028122528,51.669579,0.56696767,1.061152,Muslims,4,4,5,5,2
Eritrea,1999,25,0,0.0,Sub-Saharan Africa,29.0,6.0090423,High,0.00084367587,46.671173,0.030002009,0.00028122528,51.669579,0.56696767,1.061152,Muslims,4,4,5,5,2
Eritrea,2003,57,0,0.0,Sub-Saharan Africa,29.0,6.0090423,High,0.00084367587,46.671173,0.030002009,0.00028122528,51.669579,0.56696767,1.061152,Muslims,4,4,5,5,2
Eritrea,2022,4,0,0.0,Sub-Saharan Africa,29.0,6.0090423,High,0.00084367587,46.671173,0.030002009,0.00028122528,51.669579,0.56696767,1.061152,Muslims,4,4,5,5,2
Ethiopia,1989,24358,4,0.0,Sub-Saharan Africa,37.0,5.7053571,High,0.0011632845,61.578274,0.0024225907,0.0047765425,36.240177,2.1108611,0.062328305,Christians,4,4,3,3,3
Ethiopia,1990,49698,579,0.0,Sub-Saharan Africa,37.0,5.7053571,High,0.0011632845,61.578274,0.0024225907,0.0047765425,36.240177,2.1108611,0.062328305,Christians,4,4,3,3,3
Ethiopia,1991,12225,175,0.0,Sub-Saharan Africa,37.0,5.7053571,High,0.0011632845,61.578274,0.0024225907,0.0047765425,36.240177,2.1108611,0.062328305,Christians,4,4,3,3,3
Ethiopia,1992,174,0,0.0,Sub-Saharan Africa,37.0,5.7053571,High,0.0011632845,61.578274,0.0024225907,0.0047765425,36.240177,2.1108611,0.062328305,Christians,4,4,3,3,3
Ethiopia,1993,36,0,0.0,Sub-Saharan Africa,37.0,5.7053571,High,0.0011632845,61.578274,0.0024225907,0.0047765425,36.240177,2.1108611,0.062328305,Christians,4,4,3,3,3
Ethiopia,1994,76,0,0.0,Sub-Saharan Africa,37.0,5.7053571,High,0.0011632845,61.578274,0.0024225907,0.0047765425,36.240177,2.1108611,0.062328305,Christians,4,4,3,3,3
Ethiopia,1995,43,0,0.0,Sub-Saharan Africa,37.0,5.7053571,High,0.0011632845,61.578274,0.0024225907,0.0047765425,36.240177,2.1108611,0.062328305,Christians,4,4,3,3,3
Ethiopia,1996,52,0,0.0,Sub-Saharan Africa,37.0,5.7053571,High,0.0011632845,61.578274,0.0024225907,0.0047765425,36.240177,2.1108611,0.062328305,Christians,4,4,3,3,3
Ethiopia,1997,6,0,0.0,Sub-Saharan Africa,37.0,5.7053571,High,0.0011632845,61.578274,0.0024225907,0.0047765425,36.240177,2.1108611,0.062328305,Christians,4,4,3,3,3
Ethiopia,1998,50,0,0.0,Sub-Saharan Africa,37.0,5.7053571,High,0.0011632845,61.578274,0.0024225907,0.0047765425,36.240177,2.1108611,0.062328305,Christians,4,4,3,3,3
Ethiopia,1999,715,2,0.0,Sub-Saharan Africa,37.0,5.7053571,High,0.0011632845,61.578274,0.0024225907,0.0047765425,36.240177,2.1108611,0.062328305,Christians,4,4,3,3,3
Ethiopia,2000,50,0,0.0,Sub-Saharan Africa,37.0,5.7053571,High,0.0011632845,61.578274,0.0024225907,0.0047765425,36.240177,2.1108611,0.062328305,Christians,4,4,3,3,3
Ethiopia,2001,40,0,0.0,Sub-Saharan Africa,37.0,5.7053571,High,0.0011632845,61.578274,0.0024225907,0.0047765425,36.240177,2.1108611,0.062328305,Christians,4,4,3,3,3
Ethiopia,2002,50,0,0.0,Sub-Saharan Africa,37.0,5.7053571,High,0.0011632845,61.578274,0.0024225907,0.0047765425,36.240177,2.1108611,0.062328305,Christians,4,4,3,3,3
Ethiopia,2003,50,0,0.0,Sub-Saharan Africa,37.0,5.7053571,High,0.0011632845,61.578274,0.0024225907,0.0047765425,36.240177,2.1108611,0.062328305,Christians,4,4,3,3,3
Ethiopia,2004,50,0,0.0,Sub-Saharan Africa,37.0,5.7053571,High,0.0011632845,61.578274,0.0024225907,0.0047765425,36.240177,2.1108611,0.062328305,Christians,4,4,3,3,3
Ethiopia,2005,83,33,0.0,Sub-Saharan Africa,37.0,5.7053571,High,0.0011632845,61.578274,0.0024225907,0.0047765425,36.240177,2.1108611,0.062328305,Christians,4,4,3,3,3
Ethiopia,2006,50,0,0.0,Sub-Saharan Africa,37.0,5.7053571,High,0.0011632845,61.578274,0.0024225907,0.0047765425,36.240177,2.1108611,0.062328305,Christians,4,4,3,3,3
Ethiopia,2007,177,6,0.0,Sub-Saharan Africa,37.0,5.7053571,High,0.0011632845,61.578274,0.0024225907,0.0047765425,36.240177,2.1108611,0.062328305,Christians,4,4,3,3,3
Ethiopia,2008,50,0,0.0,Sub-Saharan Africa,37.0,5.7053571,High,0.0011632845,61.578274,0.0024225907,0.0047765425,36.240177,2.1108611,0.062328305,Christians,4,4,3,3,3
Ethiopia,2009,515,0,0.0,Sub-Saharan Africa,37.0,5.7053571,High,0.0011632845,61.578274,0.0024225907,0.0047765425,36.240177,2.1108611,0.062328305,Christians,4,4,3,3,3
Ethiopia,2010,151,0,0.0,Sub-Saharan Africa,37.0,5.7053571,High,0.0011632845,61.578274,0.0024225907,0.0047765425,36.240177,2.1108611,0.062328305,Christians,4,4,3,3,3
Ethiopia,2011,51,1,0.0,Sub-Saharan Africa,37.0,5.7053571,High,0.0011632845,61.578274,0.0024225907,0.0047765425,36.240177,2.1108611,0.062328305,Christians,4,4,3,3,3
Ethiopia,2012,50,0,0.0,Sub-Saharan Africa,37.0,5.7053571,High,0.0011632845,61.578274,0.0024225907,0.0047765425,36.240177,2.1108611,0.062328305,Christians,4,4,3,3,3
Ethiopia,2013,77,0,0.0,Sub-Saharan Africa,37.0,5.7053571,High,0.0011632845,61.578274,0.0024225907,0.0047765425,36.240177,2.1108611,0.062328305,Christians,4,4,3,3,3
Ethiopia,2014,30,0,0.0,Sub-Saharan Africa,37.0,5.7053571,High,0.0011632845,61.578274,0.0024225907,0.0047765425,36.240177,2.1108611,0.062328305,Christians,4,4,3,3,3
Ethiopia,2015,49,0,0.0,Sub-Saharan Africa,37.0,5.7053571,High,0.0011632845,61.578274,0.0024225907,0.0047765425,36.240177,2.1108611,0.062328305,Christians,4,4,3,3,3
Ethiopia,2016,50,0,0.0,Sub-Saharan Africa,37.0,5.7053571,High,0.0011632845,61.578274,0.0024225907,0.0047765425,36.240177,2.1108611,0.062328305,Christians,4,4,3,3,3
Ethiopia,2017,0,0,0.0,Sub-Saharan Africa,37.0,5.7053571,High,0.0011632845,61.578274,0.0024225907,0.0047765425,36.240177,2.1108611,0.062328305,Christians,4,4,3,3,3
Ethiopia,2018,18,9,0.0,Sub-Saharan Africa,37.0,5.7053571,High,0.0011632845,61.578274,0.0024225907,0.0047765425,36.240177,2.1108611,0.062328305,Christians,4,4,3,3,3
Ethiopia,2019,67,32,0.0,Sub-Saharan Africa,37.0,5.7053571,High,0.0011632845,61.578274,0.0024225907,0.0047765425,36.240177,2.1108611,0.062328305,Christians,4,4,3,3,3
Ethiopia,2020,20916,331,0.0,Sub-Saharan Africa,37.0,5.7053571,High,0.0011632845,61.578274,0.0024225907,0.0047765425,36.240177,2.1108611,0.062328305,Christians,4,4,3,3,3
Ethiopia,2021,124553,698,0.0,Sub-Saharan Africa,37.0,5.7053571,High,0.0011632845,61.578274,0.0024225907,0.0047765425,36.240177,2.1108611,0.062328305,Christians,4,4,3,3,3
Ethiopia,2022,163210,648,0.0,Sub-Saharan Africa,37.0,5.7053571,High,0.0011632845,61.578274,0.0024225907,0.0047765425,36.240177,2.1108611,0.062328305,Christians,4,4,3,3,3
Ethiopia,2023,1688,179,0.0,Sub-Saharan Africa,37.0,5.7053571,High,0.0011632845,61.578274,0.0024225907,0.0047765425,36.240177,2.1108611,0.062328305,Christians,4,4,3,3,3
Ethiopia,2024,2834,331,0.0,Sub-Saharan Africa,37.0,5.7053571,High,0.0011632845,61.578274,0.0024225907,0.0047765425,36.240177,2.1108611,0.062328305,Christians,4,4,3,3,3
France,1992,0,0,0.0,Europe,10.0,6.9279718,High,0.71300137,46.467613,0.12776679,0.69168675,9.0978174,0.25636187,42.645752,Christians,4,4,3,3,3
France,1996,0,0,0.0,Europe,10.0,6.9279718,High,0.71300137,46.467613,0.12776679,0.69168675,9.0978174,0.25636187,42.645752,Christians,4,4,3,3,3
France,2007,2,0,0.0,Europe,10.0,6.9279718,High,0.71300137,46.467613,0.12776679,0.69168675,9.0978174,0.25636187,42.645752,Christians,4,4,3,3,3
France,2015,3,0,0.0,Europe,10.0,6.9279718,High,0.71300137,46.467613,0.12776679,0.69168675,9.0978174,0.25636187,42.645752,Christians,4,4,3,3,3
France,2017,2,0,0.0,Europe,10.0,6.9279718,High,0.71300137,46.467613,0.12776679,0.69168675,9.0978174,0.25636187,42.645752,Christians,4,4,3,3,3
France,2018,4,0,0.0,Europe,10.0,6.9279718,High,0.71300137,46.467613,0.12776679,0.69168675,9.0978174,0.25636187,42.645752,Christians,4,4,3,3,3
Georgia,1991,52,0,0.0,Europe,115.0,2.4675999,Moderate,0.011647883,88.172623,0.012154249,0.044509161,10.46078,0.30997789,0.98830873,Christians,4,4,3,3,3
Georgia,1992,775,30,0.0,Europe,115.0,2.4675999,Moderate,0.011647883,88.172623,0.012154249,0.044509161,10.46078,0.30997789,0.98830873,Christians,4,4,3,3,3
Georgia,1993,1763,130,0.0,Europe,115.0,2.4675999,Moderate,0.011647883,88.172623,0.012154249,0.044509161,10.46078,0.30997789,0.98830873,Christians,4,4,3,3,3
Georgia,2002,0,0,0.0,Europe,115.0,2.4675999,Moderate,0.011647883,88.172623,0.012154249,0.044509161,10.46078,0.30997789,0.98830873,Christians,4,4,3,3,3
Georgia,2004,27,3,0.0,Europe,115.0,2.4675999,Moderate,0.011647883,88.172623,0.012154249,0.044509161,10.46078,0.30997789,0.98830873,Christians,4,4,3,3,3
Georgia,2008,621,200,0.0,Europe,115.0,2.4675999,Moderate,0.011647883,88.172623,0.012154249,0.044509161,10.46078,0.30997789,0.98830873,Christians,4,4,3,3,3
Georgia,2010,3,0,0.0,Europe,115.0,2.4675999,Moderate,0.011647883,88.172623,0.012154249,0.044509161,10.46078,0.30997789,0.98830873,Christians,4,4,3,3,3
Georgia,2011,0,0,0.0,Europe,115.0,2.4675999,Moderate,0.011647883,88.172623,0.012154249,0.044509161,10.46078,0.30997789,0.98830873,Christians,4,4,3,3,3
Germany,1989,3,1,0.0,Europe,20.0,6.4023767,High,0.34375194,56.234879,0.15651976,0.14160739,6.5487413,0.4268007,36.147697,Christians,4,4,3,3,3
Germany,1990,1,0,0.0,Europe,20.0,6.4023767,High,0.34375194,56.234879,0.15651976,0.14160739,6.5487413,0.4268007,36.147697,Christians,4,4,3,3,3
Germany,1992,4,1,0.0,Europe,20.0,6.4023767,High,0.34375194,56.234879,0.15651976,0.14160739,6.5487413,0.4268007,36.147697,Christians,4,4,3,3,3
Guatemala,1989,82,1,0.0,Latin America-Caribbean,139.0,1.7556477,Low,0.0054714936,91.950264,0.0013246774,0.0051835203,0.0027069494,2.0141091,6.0209422,Christians,4,4,3,3,3
Guatemala,1990,83,7,0.0,Latin America-Caribbean,139.0,1.7556477,Low,0.0054714936,91.950264,0.0013246774,0.0051835203,0.0027069494,2.0141091,6.0209422,Christians,4,4,3,3,3
Guatemala,1991,72,4,0.0,Latin America-Caribbean,139.0,1.7556477,Low,0.0054714936,91.950264,0.0013246774,0.0051835203,0.0027069494,2.0141091,6.0209422,Christians,4,4,3,3,3
Guatemala,1992,67,0,0.0,Latin America-Caribbean,139.0,1.7556477,Low,0.0054714936,91.950264,0.0013246774,0.0051835203,0.0027069494,2.0141091,6.0209422,Christians,4,4,3,3,3
Guatemala,1993,58,0,0.0,Latin America-Caribbean,139.0,1.7556477,Low,0.0054714936,91.950264,0.0013246774,0.0051835203,0.0027069494,2.0141091,6.0209422,Christians,4,4,3,3,3
Guatemala,1994,37,1,0.0,Latin America-Caribbean,139.0,1.7556477,Low,0.0054714936,91.950264,0.0013246774,0.0051835203,0.0027069494,2.0141091,6.0209422,Christians,4,4,3,3,3
Guatemala,1995,27,1,0.0,Latin America-Caribbean,139.0,1.7556477,Low,0.0054714936,91.950264,0.0013246774,0.0051835203,0.0027069494,2.0141091,6.0209422,Christians,4,4,3,3,3
Guatemala,1996,13,0,0.0,Latin America-Caribbean,139.0,1.7556477,Low,0.0054714936,91.950264,0.0013246774,0.0051835203,0.0027069494,2.0141091,6.0209422,Christians,4,4,3,3,3
Guinea,2000,217,116,0.0,Sub-Saharan Africa,106.0,2.7131484,Moderate,0.085958868,11.708076,0.0,0.0,86.807892,0.078451402,1.3196203,Muslims,4,4,5,5,2
Guinea,2001,430,0,0.0,Sub-Saharan Africa,106.0,2.7131484,Moderate,0.085958868,11.708076,0.0,0.0,86.807892,0.078451402,1.3196203,Muslims,4,4,5,5,2
Guinea-Bissau,1992,2,2,0.0,Sub-Saharan Africa,6.0,7.1697803,Very high,0.0,21.717779,0.0,0.0,55.979042,10.680865,11.622312,Muslims,4,4,5,5,2
Guinea-Bissau,1998,505,111,0.0,Sub-Saharan Africa,6.0,7.1697803,Very high,0.0,21.717779,0.0,0.0,55.979042,10.680865,11.622312,Muslims,4,4,5,5,2
Guinea-Bissau,1999,199,0,0.0,Sub-Saharan Africa,6.0,7.1697803,Very high,0.0,21.717779,0.0,0.0,55.979042,10.680865,11.622312,Muslims,4,4,5,5,2
Guinea-Bissau,2000,0,0,0.0,Sub-Saharan Africa,6.0,7.1697803,Very high,0.0,21.717779,0.0,0.0,55.979042,10.680865,11.622312,Muslims,4,4,5,5,2
Haiti,1989,48,4,0.0,Latin America-Caribbean,121.0,2.3760362,Moderate,0.0031839246,88.718658,0.0,0.0021226162,0.0018572893,1.8394874,9.4346876,Christians,4,4,3,3,3
Haiti,1991,160,0,0.0,Latin America-Caribbean,121.0,2.3760362,Moderate,0.0031839246,88.718658,0.0,0.0021226162,0.0018572893,1.8394874,9.4346876,Christians,4,4,3,3,3
Haiti,2004,207,17,0.0,Latin America-Caribbean,121.0,2.3760362,Moderate,0.0031839246,88.718658,0.0,0.0021226162,0.0018572893,1.8394874,9.4346876,Christians,4,4,3,3,3
Haiti,2024,193,9,0.0,Latin America-Caribbean,121.0,2.3760362,Moderate,0.0031839246,88.718658,0.0,0.0021226162,0.0018572893,1.8394874,9.4346876,Christians,4,4,3,3,3
India,1989,1005,9,0.0,Asia-Pacific,78.0,4.034831,Moderate,0.68066257,2.2146201,79.366188,0.0003013786,15.190016,2.5449524,0.0032599971,Hindus,3,3,4,3,3
India,1990,2375,127,0.0,Asia-Pacific,78.0,4.034831,Moderate,0.68066257,2.2146201,79.366188,0.0003013786,15.190016,2.5449524,0.0032599971,Hindus,3,3,4,3,3
India,1991,3083,88,0.0,Asia-Pacific,78.0,4.034831,Moderate,0.68066257,2.2146201,79.366188,0.0003013786,15.190016,2.5449524,0.0032599971,Hindus,3,3,4,3,3
India,1992,3083,74,0.0,Asia-Pacific,78.0,4.034831,Moderate,0.68066257,2.2146201,79.366188,0.0003013786,15.190016,2.5449524,0.0032599971,Hindus,3,3,4,3,3
India,1993,1548,39,0.0,Asia-Pacific,78.0,4.034831,Moderate,0.68066257,2.2146201,79.366188,0.0003013786,15.190016,2.5449524,0.0032599971,Hindus,3,3,4,3,3
India,1994,1195,32,0.0,Asia-Pacific,78.0,4.034831,Moderate,0.68066257,2.2146201,79.366188,0.0003013786,15.190016,2.5449524,0.0032599971,Hindus,3,3,4,3,3
India,1995,872,35,0.0,Asia-Pacific,78.0,4.034831,Moderate,0.68066257,2.2146201,79.366188,0.0003013786,15.190016,2.5449524,0.0032599971,Hindus,3,3,4,3,3
India,1996,839,33,0.0,Asia-Pacific,78.0,4.034831,Moderate,0.68066257,2.2146201,79.366188,0.0003013786,15.190016,2.5449524,0.0032599971,Hindus,3,3,4,3,3
India,1997,882,60,0.0,Asia-Pacific,78.0,4.034831,Moderate,0.68066257,2.2146201,79.366188,0.0003013786,15.190016,2.5449524,0.0032599971,Hindus,3,3,4,3,3
India,1998,834,42,0.0,Asia-Pacific,78.0,4.034831,Moderate,0.68066257,2.2146201,79.366188,0.0003013786,15.190016,2.5449524,0.0032599971,Hindus,3,3,4,3,3
India,1999,1171,48,0.0,Asia-Pacific,78.0,4.034831,Moderate,0.68066257,2.2146201,79.366188,0.0003013786,15.190016,2.5449524,0.0032599971,Hindus,3,3,4,3,3
India,2000,2822,134,0.0,Asia-Pacific,78.0,4.034831,Moderate,0.68066257,2.2146201,79.366188,0.0003013786,15.190016,2.5449524,0.0032599971,Hindus,3,3,4,3,3
India,2001,1349,64,0.0,Asia-Pacific,78.0,4.034831,Moderate,0.68066257,2.2146201,79.366188,0.0003013786,15.190016,2.5449524,0.0032599971,Hindus,3,3,4,3,3
India,2002,1851,32,0.0,Asia-Pacific,78.0,4.034831,Moderate,0.68066257,2.2146201,79.366188,0.0003013786,15.190016,2.5449524,0.0032599971,Hindus,3,3,4,3,3
India,2003,1694,113,0.0,Asia-Pacific,78.0,4.034831,Moderate,0.68066257,2.2146201,79.366188,0.0003013786,15.190016,2.5449524,0.0032599971,Hindus,3,3,4,3,3
India,2004,1707,103,0.0,Asia-Pacific,78.0,4.034831,Moderate,0.68066257,2.2146201,79.366188,0.0003013786,15.190016,2.5449524,0.0032599971,Hindus,3,3,4,3,3
India,2005,1462,77,0.0,Asia-Pacific,78.0,4.034831,Moderate,0.68066257,2.2146201,79.366188,0.0003013786,15.190016,2.5449524,0.0032599971,Hindus,3,3,4,3,3
India,2006,1446,80,0.0,Asia-Pacific,78.0,4.034831,Moderate,0.68066257,2.2146201,79.366188,0.0003013786,15.190016,2.5449524,0.0032599971,Hindus,3,3,4,3,3
India,2007,1162,43,0.0,Asia-Pacific,78.0,4.034831,Moderate,0.68066257,2.2146201,79.366188,0.0003013786,15.190016,2.5449524,0.0032599971,Hindus,3,3,4,3,3
India,2008,1134,37,0.0,Asia-Pacific,78.0,4.034831,Moderate,0.68066257,2.2146201,79.366188,0.0003013786,15.190016,2.5449524,0.0032599971,Hindus,3,3,4,3,3
India,2009,1162,13,0.0,Asia-Pacific,78.0,4.034831,Moderate,0.68066257,2.2146201,79.366188,0.0003013786,15.190016,2.5449524,0.0032599971,Hindus,3,3,4,3,3
India,2010,1065,62,0.0,Asia-Pacific,78.0,4.034831,Moderate,0.68066257,2.2146201,79.366188,0.0003013786,15.190016,2.5449524,0.0032599971,Hindus,3,3,4,3,3
India,2011,508,15,0.0,Asia-Pacific,78.0,4.034831,Moderate,0.68066257,2.2146201,79.366188,0.0003013786,15.190016,2.5449524,0.0032599971,Hindus,3,3,4,3,3
India,2012,436,37,0.0,Asia-Pacific,78.0,4.034831,Moderate,0.68066257,2.2146201,79.366188,0.0003013786,15.190016,2.5449524,0.0032599971,Hindus,3,3,4,3,3
India,2013,423,27,0.0,Asia-Pacific,78.0,4.034831,Moderate,0.68066257,2.2146201,79.366188,0.0003013786,15.190016,2.5449524,0.0032599971,Hindus,3,3,4,3,3
India,2014,472,35,0.0,Asia-Pacific,78.0,4.034831,Moderate,0.68066257,2.2146201,79.366188,0.0003013786,15.190016,2.5449524,0.0032599971,Hindus,3,3,4,3,3
India,2015,508,18,0.0,Asia-Pacific,78.0,4.034831,Moderate,0.68066257,2.2146201,79.366188,0.0003013786,15.190016,2.5449524,0.0032599971,Hindus,3,3,4,3,3
India,2016,602,13,0.0,Asia-Pacific,78.0,4.034831,Moderate,0.68066257,2.2146201,79.366188,0.0003013786,15.190016,2.5449524,0.0032599971,Hindus,3,3,4,3,3
India,2017,608,39,0.0,Asia-Pacific,78.0,4.034831,Moderate,0.68066257,2.2146201,79.366188,0.0003013786,15.190016,2.5449524,0.0032599971,Hindus,3,3,4,3,3
India,2018,733,38,0.0,Asia-Pacific,78.0,4.034831,Moderate,0.68066257,2.2146201,79.366188,0.0003013786,15.190016,2.5449524,0.0032599971,Hindus,3,3,4,3,3
India,2019,494,12,0.0,Asia-Pacific,78.0,4.034831,Moderate,0.68066257,2.2146201,79.366188,0.0003013786,15.190016,2.5449524,0.0032599971,Hindus,3,3,4,3,3
India,2020,478,17,0.0,Asia-Pacific,78.0,4.034831,Moderate,0.68066257,2.2146201,79.366188,0.0003013786,15.190016,2.5449524,0.0032599971,Hindus,3,3,4,3,3
India,2021,452,26,0.0,Asia-Pacific,78.0,4.034831,Moderate,0.68066257,2.2146201,79.366188,0.0003013786,15.190016,2.5449524,0.0032599971,Hindus,3,3,4,3,3
India,2022,315,11,0.0,Asia-Pacific,78.0,4.034831,Moderate,0.68066257,2.2146201,79.366188,0.0003013786,15.190016,2.5449524,0.0032599971,Hindus,3,3,4,3,3
India,2023,222,13,0.0,Asia-Pacific,78.0,4.034831,Moderate,0.68066257,2.2146201,79.366188,0.0003013786,15.190016,2.5449524,0.0032599971,Hindus,3,3,4,3,3
India,2024,438,14,0.0,Asia-Pacific,78.0,4.034831,Moderate,0.68066257,2.2146201,79.366188,0.0003013786,15.190016,2.5449524,0.0032599971,Hindus,3,3,4,3,3
Indonesia,1989,7,0,0.0,Asia-Pacific,105.0,2.7168915,Moderate,0.67752773,10.262307,1.5842967,0.0010590089,86.96418,0.41862658,0.092005208,Muslims,4,4,5,5,2
Indonesia,1990,72,14,0.0,Asia-Pacific,105.0,2.7168915,Moderate,0.67752773,10.262307,1.5842967,0.0010590089,86.96418,0.41862658,0.092005208,Muslims,4,4,5,5,2
Indonesia,1991,61,0,0.0,Asia-Pacific,105.0,2.7168915,Moderate,0.67752773,10.262307,1.5842967,0.0010590089,86.96418,0.41862658,0.092005208,Muslims,4,4,5,5,2
Indonesia,1992,47,0,0.0,Asia-Pacific,105.0,2.7168915,Moderate,0.67752773,10.262307,1.5842967,0.0010590089,86.96418,0.41862658,0.092005208,Muslims,4,4,5,5,2
Indonesia,1993,18,2,0.0,Asia-Pacific,105.0,2.7168915,Moderate,0.67752773,10.262307,1.5842967,0.0010590089,86.96418,0.41862658,0.092005208,Muslims,4,4,5,5,2
Indonesia,1994,7,0,0.0,Asia-Pacific,105.0,2.7168915,Moderate,0.67752773,10.262307,1.5842967,0.0010590089,86.96418,0.41862658,0.092005208,Muslims,4,4,5,5,2
Indonesia,1995,25,2,0.0,Asia-Pacific,105.0,2.7168915,Moderate,0.67752773,10.262307,1.5842967,0.0010590089,86.96418,0.41862658,0.092005208,Muslims,4,4,5,5,2
Indonesia,1996,19,2,0.0,Asia-Pacific,105.0,2.7168915,Moderate,0.67752773,10.262307,1.5842967,0.0010590089,86.96418,0.41862658,0.092005208,Muslims,4,4,5,5,2
Indonesia,1997,51,0,0.0,Asia-Pacific,105.0,2.7168915,Moderate,0.67752773,10.262307,1.5842967,0.0010590089,86.96418,0.41862658,0.092005208,Muslims,4,4,5,5,2
Indonesia,1998,39,3,0.0,Asia-Pacific,105.0,2.7168915,Moderate,0.67752773,10.262307,1.5842967,0.0010590089,86.96418,0.41862658,0.092005208,Muslims,4,4,5,5,2
Indonesia,1999,213,30,0.0,Asia-Pacific,105.0,2.7168915,Moderate,0.67752773,10.262307,1.5842967,0.0010590089,86.96418,0.41862658,0.092005208,Muslims,4,4,5,5,2
Indonesia,2000,287,1,0.0,Asia-Pacific,105.0,2.7168915,Moderate,0.67752773,10.262307,1.5842967,0.0010590089,86.96418,0.41862658,0.092005208,Muslims,4,4,5,5,2
Indonesia,2001,278,12,0.0,Asia-Pacific,105.0,2.7168915,Moderate,0.67752773,10.262307,1.5842967,0.0010590089,86.96418,0.41862658,0.092005208,Muslims,4,4,5,5,2
Indonesia,2002,466,17,0.0,Asia-Pacific,105.0,2.7168915,Moderate,0.67752773,10.262307,1.5842967,0.0010590089,86.96418,0.41862658,0.092005208,Muslims,4,4,5,5,2
Indonesia,2003,868,21,0.0,Asia-Pacific,105.0,2.7168915,Moderate,0.67752773,10.262307,1.5842967,0.0010590089,86.96418,0.41862658,0.092005208,Muslims,4,4,5,5,2
Indonesia,2004,935,9,0.0,Asia-Pacific,105.0,2.7168915,Moderate,0.67752773,10.262307,1.5842967,0.0010590089,86.96418,0.41862658,0.092005208,Muslims,4,4,5,5,2
Indonesia,2005,213,3,0.0,Asia-Pacific,105.0,2.7168915,Moderate,0.67752773,10.262307,1.5842967,0.0010590089,86.96418,0.41862658,0.092005208,Muslims,4,4,5,5,2
Indonesia,2006,10,0,0.0,Asia-Pacific,105.0,2.7168915,Moderate,0.67752773,10.262307,1.5842967,0.0010590089,86.96418,0.41862658,0.092005208,Muslims,4,4,5,5,2
Indonesia,2008,5,4,0.0,Asia-Pacific,105.0,2.7168915,Moderate,0.67752773,10.262307,1.5842967,0.0010590089,86.96418,0.41862658,0.092005208,Muslims,4,4,5,5,2
Indonesia,2013,20,4,0.0,Asia-Pacific,105.0,2.7168915,Moderate,0.67752773,10.262307,1.5842967,0.0010590089,86.96418,0.41862658,0.092005208,Muslims,4,4,5,5,2
Indonesia,2014,12,0,0.0,Asia-Pacific,105.0,2.7168915,Moderate,0.67752773,10.262307,1.5842967,0.0010590089,86.96418,0.41862658,0.092005208,Muslims,4,4,5,5,2
Indonesia,2017,2,0,0.0,Asia-Pacific,105.0,2.7168915,Moderate,0.67752773,10.262307,1.5842967,0.0010590089,86.96418,0.41862658,0.092005208,Muslims,4,4,5,5,2
Indonesia,2018,28,19,0.0,Asia-Pacific,105.0,2.7168915,Moderate,0.67752773,10.262307,1.5842967,0.0010590089,86.96418,0.41862658,0.092005208,Muslims,4,4,5,5,2
Indonesia,2019,34,3,0.0,Asia-Pacific,105.0,2.7168915,Moderate,0.67752773,10.262307,1.5842967,0.0010590089,86.96418,0.41862658,0.092005208,Muslims,4,4,5,5,2
Indonesia,2020,31,3,0.0,Asia-Pacific,105.0,2.7168915,Moderate,0.67752773,10.262307,1.5842967,0.0010590089,86.96418,0.41862658,0.092005208,Muslims,4,4,5,5,2
Indonesia,2021,51,5,0.0,Asia-Pacific,105.0,2.7168915,Moderate,0.67752773,10.262307,1.5842967,0.0010590089,86.96418,0.41862658,0.092005208,Muslims,4,4,5,5,2
Indonesia,2022,46,25,0.0,Asia-Pacific,105.0,2.7168915,Moderate,0.67752773,10.262307,1.5842967,0.0010590089,86.96418,0.41862658,0.092005208,Muslims,4,4,5,5,2
Indonesia,2023,59,10,0.0,Asia-Pacific,105.0,2.7168915,Moderate,0.67752773,10.262307,1.5842967,0.0010590089,86.96418,0.41862658,0.092005208,Muslims,4,4,5,5,2
Indonesia,2024,57,7,0.0,Asia-Pacific,105.0,2.7168915,Moderate,0.67752773,10.262307,1.5842967,0.0010590089,86.96418,0.41862658,0.092005208,Muslims,4,4,5,5,2
Iran,1990,31,0,2.0,Asia-Pacific,198.0,0.052850842,Very low,1.8758717e-05,0.14260982,0.0002192168,0.0092421565,99.773109,0.074749671,5.0129172e-05,Muslims,4,4,5,5,2
Iran,1991,44,0,2.0,Asia-Pacific,198.0,0.052850842,Very low,1.8758717e-05,0.14260982,0.0002192168,0.0092421565,99.773109,0.074749671,5.0129172e-05,Muslims,4,4,5,5,2
Iran,1992,4,4,2.0,Asia-Pacific,198.0,0.052850842,Very low,1.8758717e-05,0.14260982,0.0002192168,0.0092421565,99.773109,0.074749671,5.0129172e-05,Muslims,4,4,5,5,2
Iran,1993,153,91,2.0,Asia-Pacific,198.0,0.052850842,Very low,1.8758717e-05,0.14260982,0.0002192168,0.0092421565,99.773109,0.074749671,5.0129172e-05,Muslims,4,4,5,5,2
Iran,1994,16,0,2.0,Asia-Pacific,198.0,0.052850842,Very low,1.8758717e-05,0.14260982,0.0002192168,0.0092421565,99.773109,0.074749671,5.0129172e-05,Muslims,4,4,5,5,2
Iran,1995,17,0,2.0,Asia-Pacific,198.0,0.052850842,Very low,1.8758717e-05,0.14260982,0.0002192168,0.0092421565,99.773109,0.074749671,5.0129172e-05,Muslims,4,4,5,5,2
Iran,1996,34,11,2.0,Asia-Pacific,198.0,0.052850842,Very low,1.8758717e-05,0.14260982,0.0002192168,0.0092421565,99.773109,0.074749671,5.0129172e-05,Muslims,4,4,5,5,2
Iran,1997,37,0,2.0,Asia-Pacific,198.0,0.052850842,Very low,1.8758717e-05,0.14260982,0.0002192168,0.0092421565,99.773109,0.074749671,5.0129172e-05,Muslims,4,4,5,5,2
Iran,1998,13,1,2.0,Asia-Pacific,198.0,0.052850842,Very low,1.8758717e-05,0.14260982,0.0002192168,0.0092421565,99.773109,0.074749671,5.0129172e-05,Muslims,4,4,5,5,2
Iran,1999,19,0,2.0,Asia-Pacific,198.0,0.052850842,Very low,1.8758717e-05,0.14260982,0.0002192168,0.0092421565,99.773109,0.074749671,5.0129172e-05,Muslims,4,4,5,5,2
Iran,2000,40,0,2.0,Asia-Pacific,198.0,0.052850842,Very low,1.8758717e-05,0.14260982,0.0002192168,0.0092421565,99.773109,0.074749671,5.0129172e-05,Muslims,4,4,5,5,2
Iran,2001,112,0,2.0,Asia-Pacific,198.0,0.052850842,Very low,1.8758717e-05,0.14260982,0.0002192168,0.0092421565,99.773109,0.074749671,5.0129172e-05,Muslims,4,4,5,5,2
Iran,2003,2,0,2.0,Asia-Pacific,198.0,0.052850842,Very low,1.8758717e-05,0.14260982,0.0002192168,0.0092421565,99.773109,0.074749671,5.0129172e-05,Muslims,4,4,5,5,2
Iran,2005,29,1,2.0,Asia-Pacific,198.0,0.052850842,Very low,1.8758717e-05,0.14260982,0.0002192168,0.0092421565,99.773109,0.074749671,5.0129172e-05,Muslims,4,4,5,5,2
Iran,2006,52,0,2.0,Asia-Pacific,198.0,0.052850842,Very low,1.8758717e-05,0.14260982,0.0002192168,0.0092421565,99.773109,0.074749671,5.0129172e-05,Muslims,4,4,5,5,2
Iran,2007,86,1,2.0,Asia-Pacific,198.0,0.052850842,Very low,1.8758717e-05,0.14260982,0.0002192168,0.0092421565,99.773109,0.074749671,5.0129172e-05,Muslims,4,4,5,5,2
Iran,2008,117,0,2.0,Asia-Pacific,198.0,0.052850842,Very low,1.8758717e-05,0.14260982,0.0002192168,0.0092421565,99.773109,0.074749671,5.0129172e-05,Muslims,4,4,5,5,2
Iran,2009,133,0,2.0,Asia-Pacific,198.0,0.052850842,Very low,1.8758717e-05,0.14260982,0.0002192168,0.0092421565,99.773109,0.074749671,5.0129172e-05,Muslims,4,4,5,5,2
Iran,2010,96,26,2.0,Asia-Pacific,198.0,0.052850842,Very low,1.8758717e-05,0.14260982,0.0002192168,0.0092421565,99.773109,0.074749671,5.0129172e-05,Muslims,4,4,5,5,2
Iran,2011,220,2,2.0,Asia-Pacific,198.0,0.052850842,Very low,1.8758717e-05,0.14260982,0.0002192168,0.0092421565,99.773109,0.074749671,5.0129172e-05,Muslims,4,4,5,5,2
Iran,2012,17,0,2.0,Asia-Pacific,198.0,0.052850842,Very low,1.8758717e-05,0.14260982,0.0002192168,0.0092421565,99.773109,0.074749671,5.0129172e-05,Muslims,4,4,5,5,2
Iran,2013,11,0,2.0,Asia-Pacific,198.0,0.052850842,Very low,1.8758717e-05,0.14260982,0.0002192168,0.0092421565,99.773109,0.074749671,5.0129172e-05,Muslims,4,4,5,5,2
Iran,2014,5,0,2.0,Asia-Pacific,198.0,0.052850842,Very low,1.8758717e-05,0.14260982,0.0002192168,0.0092421565,99.773109,0.074749671,5.0129172e-05,Muslims,4,4,5,5,2
Iran,2015,25,0,2.0,Asia-Pacific,198.0,0.052850842,Very low,1.8758717e-05,0.14260982,0.0002192168,0.0092421565,99.773109,0.074749671,5.0129172e-05,Muslims,4,4,5,5,2
Iran,2016,69,1,2.0,Asia-Pacific,198.0,0.052850842,Very low,1.8758717e-05,0.14260982,0.0002192168,0.0092421565,99.773109,0.074749671,5.0129172e-05,Muslims,4,4,5,5,2
Iran,2017,58,18,2.0,Asia-Pacific,198.0,0.052850842,Very low,1.8758717e-05,0.14260982,0.0002192168,0.0092421565,99.773109,0.074749671,5.0129172e-05,Muslims,4,4,5,5,2
Iran,2018,91,1,2.0,Asia-Pacific,198.0,0.052850842,Very low,1.8758717e-05,0.14260982,0.0002192168,0.0092421565,99.773109,0.074749671,5.0129172e-05,Muslims,4,4,5,5,2
Iran,2019,61,2,2.0,Asia-Pacific,198.0,0.052850842,Very low,1.8758717e-05,0.14260982,0.0002192168,0.0092421565,99.773109,0.074749671,5.0129172e-05,Muslims,4,4,5,5,2
Iran,2020,42,2,2.0,Asia-Pacific,198.0,0.052850842,Very low,1.8758717e-05,0.14260982,0.0002192168,0.0092421565,99.773109,0.074749671,5.0129172e-05,Muslims,4,4,5,5,2
Iran,2021,56,0,2.0,Asia-Pacific,198.0,0.052850842,Very low,1.8758717e-05,0.14260982,0.0002192168,0.0092421565,99.773109,0.074749671,5.0129172e-05,Muslims,4,4,5,5,2
Iran,2022,40,20,2.0,Asia-Pacific,198.0,0.052850842,Very low,1.8758717e-05,0.14260982,0.0002192168,0.0092421565,99.773109,0.074749671,5.0129172e-05,Muslims,4,4,5,5,2
Iran,2023,40,4,2.0,Asia-Pacific,198.0,0.052850842,Very low,1.8758717e-05,0.14260982,0.0002192168,0.0092421565,99.773109,0.074749671,5.0129172e-05,Muslims,4,4,5,5,2
Iran,2024,123,6,2.0,Asia-Pacific,198.0,0.052850842,Very low,1.8758717e-05,0.14260982,0.0002192168,0.0092421565,99.773109,0.074749671,5.0129172e-05,Muslims,4,4,5,5,2
Iraq,1989,50,0,2.0,Middle East-North Africa,193.0,0.11657337,Very low,0.0,0.37498069,0.00049345603,0.0,99.49836,0.12536426,0.00079892878,Muslims,4,4,5,5,2
Iraq,1990,94,0,2.0,Middle East-North Africa,193.0,0.11657337,Very low,0.0,0.37498069,0.00049345603,0.0,99.49836,0.12536426,0.00079892878,Muslims,4,4,5,5,2
Iraq,1991,1506,39,2.0,Middle East-North Africa,193.0,0.11657337,Very low,0.0,0.37498069,0.00049345603,0.0,99.49836,0.12536426,0.00079892878,Muslims,4,4,5,5,2
Iraq,1992,343,17,2.0,Middle East-North Africa,193.0,0.11657337,Very low,0.0,0.37498069,0.00049345603,0.0,99.49836,0.12536426,0.00079892878,Muslims,4,4,5,5,2
Iraq,1993,110,3,2.0,Middle East-North Africa,193.0,0.11657337,Very low,0.0,0.37498069,0.00049345603,0.0,99.49836,0.12536426,0.00079892878,Muslims,4,4,5,5,2
Iraq,1994,243,20,2.0,Middle East-North Africa,193.0,0.11657337,Very low,0.0,0.37498069,0.00049345603,0.0,99.49836,0.12536426,0.00079892878,Muslims,4,4,5,5,2
Iraq,1995,766,4,2.0,Middle East-North Africa,193.0,0.11657337,Very low,0.0,0.37498069,0.00049345603,0.0,99.49836,0.12536426,0.00079892878,Muslims,4,4,5,5,2
Iraq,1996,597,3,2.0,Middle East-North Africa,193.0,0.11657337,Very low,0.0,0.37498069,0.00049345603,0.0,99.49836,0.12536426,0.00079892878,Muslims,4,4,5,5,2
Iraq,1997,1300,0,2.0,Middle East-North Africa,193.0,0.11657337,Very low,0.0,0.37498069,0.00049345603,0.0,99.49836,0.12536426,0.00079892878,Muslims,4,4,5,5,2
Iraq,1998,50,0,2.0,Middle East-North Africa,193.0,0.11657337,Very low,0.0,0.37498069,0.00049345603,0.0,99.49836,0.12536426,0.00079892878,Muslims,4,4,5,5,2
Iraq,1999,271,1,2.0,Middle East-North Africa,193.0,0.11657337,Very low,0.0,0.37498069,0.00049345603,0.0,99.49836,0.12536426,0.00079892878,Muslims,4,4,5,5,2
Iraq,2000,53,0,2.0,Middle East-North Africa,193.0,0.11657337,Very low,0.0,0.37498069,0.00049345603,0.0,99.49836,0.12536426,0.00079892878,Muslims,4,4,5,5,2
Iraq,2001,36,0,2.0,Middle East-North Africa,193.0,0.11657337,Very low,0.0,0.37498069,0.00049345603,0.0,99.49836,0.12536426,0.00079892878,Muslims,4,4,5,5,2
Iraq,2002,26,0,2.0,Middle East-North Africa,193.0,0.11657337,Very low,0.0,0.37498069,0.00049345603,0.0,99.49836,0.12536426,0.00079892878,Muslims,4,4,5,5,2
Iraq,2003,2,0,2.0,Middle East-North Africa,193.0,0.11657337,Very low,0.0,0.37498069,0.00049345603,0.0,99.49836,0.12536426,0.00079892878,Muslims,4,4,5,5,2
Iraq,2004,4105,199,2.0,Middle East-North Africa,193.0,0.11657337,Very low,0.0,0.37498069,0.00049345603,0.0,99.49836,0.12536426,0.00079892878,Muslims,4,4,5,5,2
Iraq,2005,2617,191,2.0,Middle East-North Africa,193.0,0.11657337,Very low,0.0,0.37498069,0.00049345603,0.0,99.49836,0.12536426,0.00079892878,Muslims,4,4,5,5,2
Iraq,2006,3928,145,2.0,Middle East-North Africa,193.0,0.11657337,Very low,0.0,0.37498069,0.00049345603,0.0,99.49836,0.12536426,0.00079892878,Muslims,4,4,5,5,2
Iraq,2007,2217,86,2.0,Middle East-North Africa,193.0,0.11657337,Very low,0.0,0.37498069,0.00049345603,0.0,99.49836,0.12536426,0.00079892878,Muslims,4,4,5,5,2
Iraq,2008,2239,118,2.0,Middle East-North Africa,193.0,0.11657337,Very low,0.0,0.37498069,0.00049345603,0.0,99.49836,0.12536426,0.00079892878,Muslims,4,4,5,5,2
Iraq,2009,1049,56,2.0,Middle East-North Africa,193.0,0.11657337,Very low,0.0,0.37498069,0.00049345603,0.0,99.49836,0.12536426,0.00079892878,Muslims,4,4,5,5,2
Iraq,2010,1119,134,2.0,Middle East-North Africa,193.0,0.11657337,Very low,0.0,0.37498069,0.00049345603,0.0,99.49836,0.12536426,0.00079892878,Muslims,4,4,5,5,2
Iraq,2011,1043,107,2.0,Middle East-North Africa,193.0,0.11657337,Very low,0.0,0.37498069,0.00049345603,0.0,99.49836,0.12536426,0.00079892878,Muslims,4,4,5,5,2
Iraq,2012,638,59,2.0,Middle East-North Africa,193.0,0.11657337,Very low,0.0,0.37498069,0.00049345603,0.0,99.49836,0.12536426,0.00079892878,Muslims,4,4,5,5,2
Iraq,2013,1882,65,2.0,Middle East-North Africa,193.0,0.11657337,Very low,0.0,0.37498069,0.00049345603,0.0,99.49836,0.12536426,0.00079892878,Muslims,4,4,5,5,2
Iraq,2014,13168,763,2.0,Middle East-North Africa,193.0,0.11657337,Very low,0.0,0.37498069,0.00049345603,0.0,99.49836,0.12536426,0.00079892878,Muslims,4,4,5,5,2
Iraq,2015,10139,824,2.0,Middle East-North Africa,193.0,0.11657337,Very low,0.0,0.37498069,0.00049345603,0.0,99.49836,0.12536426,0.00079892878,Muslims,4,4,5,5,2
Iraq,2016,9622,2171,2.0,Middle East-North Africa,193.0,0.11657337,Very low,0.0,0.37498069,0.00049345603,0.0,99.49836,0.12536426,0.00079892878,Muslims,4,4,5,5,2
Iraq,2017,10228,4342,2.0,Middle East-North Africa,193.0,0.11657337,Very low,0.0,0.37498069,0.00049345603,0.0,99.49836,0.12536426,0.00079892878,Muslims,4,4,5,5,2
Iraq,2018,1274,42,2.0,Middle East-North Africa,193.0,0.11657337,Very low,0.0,0.37498069,0.00049345603,0.0,99.49836,0.12536426,0.00079892878,Muslims,4,4,5,5,2
Iraq,2019,787,15,2.0,Middle East-North Africa,193.0,0.11657337,Very low,0.0,0.37498069,0.00049345603,0.0,99.49836,0.12536426,0.00079892878,Muslims,4,4,5,5,2
Iraq,2020,878,45,2.0,Middle East-North Africa,193.0,0.11657337,Very low,0.0,0.37498069,0.00049345603,0.0,99.49836,0.12536426,0.00079892878,Muslims,4,4,5,5,2
Iraq,2021,861,67,2.0,Middle East-North Africa,193.0,0.11657337,Very low,0.0,0.37498069,0.00049345603,0.0,99.49836,0.12536426,0.00079892878,Muslims,4,4,5,5,2
Iraq,2022,1012,40,2.0,Middle East-North Africa,193.0,0.11657337,Very low,0.0,0.37498069,0.00049345603,0.0,99.49836,0.12536426,0.00079892878,Muslims,4,4,5,5,2
Iraq,2023,469,17,2.0,Middle East-North Africa,193.0,0.11657337,Very low,0.0,0.37498069,0.00049345603,0.0,99.49836,0.12536426,0.00079892878,Muslims,4,4,5,5,2
Iraq,2024,396,14,2.0,Middle East-North Africa,193.0,0.11657337,Very low,0.0,0.37498069,0.00049345603,0.0,99.49836,0.12536426,0.00079892878,Muslims,4,4,5,5,2
Israel,1989,13,0,2.0,Middle East-North Africa,70.0,4.457356,Moderate,0.042839181,1.8792765,0.16612966,77.049393,14.731497,1.7562019,4.3746643,Jews,4,4,4,4,3
Israel,1990,20,1,2.0,Middle East-North Africa,70.0,4.457356,Moderate,0.042839181,1.8792765,0.16612966,77.049393,14.731497,1.7562019,4.3746643,Jews,4,4,4,4,3
Israel,1991,27,0,2.0,Middle East-North Africa,70.0,4.457356,Moderate,0.042839181,1.8792765,0.16612966,77.049393,14.731497,1.7562019,4.3746643,Jews,4,4,4,4,3
Israel,1992,59,5,2.0,Middle East-North Africa,70.0,4.457356,Moderate,0.042839181,1.8792765,0.16612966,77.049393,14.731497,1.7562019,4.3746643,Jews,4,4,4,4,3
Israel,1993,73,5,2.0,Middle East-North Africa,70.0,4.457356,Moderate,0.042839181,1.8792765,0.16612966,77.049393,14.731497,1.7562019,4.3746643,Jews,4,4,4,4,3
Israel,1994,59,1,2.0,Middle East-North Africa,70.0,4.457356,Moderate,0.042839181,1.8792765,0.16612966,77.049393,14.731497,1.7562019,4.3746643,Jews,4,4,4,4,3
Israel,1995,57,2,2.0,Middle East-North Africa,70.0,4.457356,Moderate,0.042839181,1.8792765,0.16612966,77.049393,14.731497,1.7562019,4.3746643,Jews,4,4,4,4,3
Israel,1996,75,9,2.0,Middle East-North Africa,70.0,4.457356,Moderate,0.042839181,1.8792765,0.16612966,77.049393,14.731497,1.7562019,4.3746643,Jews,4,4,4,4,3
Israel,1997,1,0,2.0,Middle East-North Africa,70.0,4.457356,Moderate,0.042839181,1.8792765,0.16612966,77.049393,14.731497,1.7562019,4.3746643,Jews,4,4,4,4,3
Israel,1998,5,0,2.0,Middle East-North Africa,70.0,4.457356,Moderate,0.042839181,1.8792765,0.16612966,77.049393,14.731497,1.7562019,4.3746643,Jews,4,4,4,4,3
Israel,1999,2,0,2.0,Middle East-North Africa,70.0,4.457356,Moderate,0.042839181,1.8792765,0.16612966,77.049393,14.731497,1.7562019,4.3746643,Jews,4,4,4,4,3
Israel,2000,102,9,2.0,Middle East-North Africa,70.0,4.457356,Moderate,0.042839181,1.8792765,0.16612966,77.049393,14.731497,1.7562019,4.3746643,Jews,4,4,4,4,3
Israel,2001,253,14,2.0,Middle East-North Africa,70.0,4.457356,Moderate,0.042839181,1.8792765,0.16612966,77.049393,14.731497,1.7562019,4.3746643,Jews,4,4,4,4,3
Israel,2002,627,90,2.0,Middle East-North Africa,70.0,4.457356,Moderate,0.042839181,1.8792765,0.16612966,77.049393,14.731497,1.7562019,4.3746643,Jews,4,4,4,4,3
Israel,2003,314,82,2.0,Middle East-North Africa,70.0,4.457356,Moderate,0.042839181,1.8792765,0.16612966,77.049393,14.731497,1.7562019,4.3746643,Jews,4,4,4,4,3
Israel,2004,431,28,2.0,Middle East-North Africa,70.0,4.457356,Moderate,0.042839181,1.8792765,0.16612966,77.049393,14.731497,1.7562019,4.3746643,Jews,4,4,4,4,3
Israel,2005,146,17,2.0,Middle East-North Africa,70.0,4.457356,Moderate,0.042839181,1.8792765,0.16612966,77.049393,14.731497,1.7562019,4.3746643,Jews,4,4,4,4,3
Israel,2006,477,113,2.0,Middle East-North Africa,70.0,4.457356,Moderate,0.042839181,1.8792765,0.16612966,77.049393,14.731497,1.7562019,4.3746643,Jews,4,4,4,4,3
Israel,2007,286,22,2.0,Middle East-North Africa,70.0,4.457356,Moderate,0.042839181,1.8792765,0.16612966,77.049393,14.731497,1.7562019,4.3746643,Jews,4,4,4,4,3
Israel,2008,708,117,2.0,Middle East-North Africa,70.0,4.457356,Moderate,0.042839181,1.8792765,0.16612966,77.049393,14.731497,1.7562019,4.3746643,Jews,4,4,4,4,3
Israel,2009,709,291,2.0,Middle East-North Africa,70.0,4.457356,Moderate,0.042839181,1.8792765,0.16612966,77.049393,14.731497,1.7562019,4.3746643,Jews,4,4,4,4,3
Israel,2010,65,3,2.0,Middle East-North Africa,70.0,4.457356,Moderate,0.042839181,1.8792765,0.16612966,77.049393,14.731497,1.7562019,4.3746643,Jews,4,4,4,4,3
Israel,2011,101,20,2.0,Middle East-North Africa,70.0,4.457356,Moderate,0.042839181,1.8792765,0.16612966,77.049393,14.731497,1.7562019,4.3746643,Jews,4,4,4,4,3
Israel,2012,252,56,2.0,Middle East-North Africa,70.0,4.457356,Moderate,0.042839181,1.8792765,0.16612966,77.049393,14.731497,1.7562019,4.3746643,Jews,4,4,4,4,3
Israel,2013,12,1,2.0,Middle East-North Africa,70.0,4.457356,Moderate,0.042839181,1.8792765,0.16612966,77.049393,14.731497,1.7562019,4.3746643,Jews,4,4,4,4,3
Israel,2014,2408,1366,2.0,Middle East-North Africa,70.0,4.457356,Moderate,0.042839181,1.8792765,0.16612966,77.049393,14.731497,1.7562019,4.3746643,Jews,4,4,4,4,3
Israel,2015,10,2,2.0,Middle East-North Africa,70.0,4.457356,Moderate,0.042839181,1.8792765,0.16612966,77.049393,14.731497,1.7562019,4.3746643,Jews,4,4,4,4,3
Israel,2016,7,3,2.0,Middle East-North Africa,70.0,4.457356,Moderate,0.042839181,1.8792765,0.16612966,77.049393,14.731497,1.7562019,4.3746643,Jews,4,4,4,4,3
Israel,2017,24,0,2.0,Middle East-North Africa,70.0,4.457356,Moderate,0.042839181,1.8792765,0.16612966,77.049393,14.731497,1.7562019,4.3746643,Jews,4,4,4,4,3
Israel,2018,65,7,2.0,Middle East-North Africa,70.0,4.457356,Moderate,0.042839181,1.8792765,0.16612966,77.049393,14.731497,1.7562019,4.3746643,Jews,4,4,4,4,3
Israel,2019,80,36,2.0,Middle East-North Africa,70.0,4.457356,Moderate,0.042839181,1.8792765,0.16612966,77.049393,14.731497,1.7562019,4.3746643,Jews,4,4,4,4,3
Israel,2020,6,0,2.0,Middle East-North Africa,70.0,4.457356,Moderate,0.042839181,1.8792765,0.16612966,77.049393,14.731497,1.7562019,4.3746643,Jews,4,4,4,4,3
Israel,2021,273,159,2.0,Middle East-North Africa,70.0,4.457356,Moderate,0.042839181,1.8792765,0.16612966,77.049393,14.731497,1.7562019,4.3746643,Jews,4,4,4,4,3
Israel,2022,96,21,2.0,Middle East-North Africa,70.0,4.457356,Moderate,0.042839181,1.8792765,0.16612966,77.049393,14.731497,1.7562019,4.3746643,Jews,4,4,4,4,3
Israel,2023,26722,17157,2.0,Middle East-North Africa,70.0,4.457356,Moderate,0.042839181,1.8792765,0.16612966,77.049393,14.731497,1.7562019,4.3746643,Jews,4,4,4,4,3
Israel,2024,21432,10347,2.0,Middle East-North Africa,70.0,4.457356,Moderate,0.042839181,1.8792765,0.16612966,77.049393,14.731497,1.7562019,4.3746643,Jews,4,4,4,4,3
Italy,1993,0,0,0.0,Europe,81.0,3.8820968,Moderate,0.61356783,80.471794,0.42585316,0.071020424,4.4194283,0.72590345,13.27243,Christians,4,4,3,3,3
Ivory Coast,1990,8,0,,Sub-Saharan Africa,14.0,6.7618079,High,0.0,44.914967,0.0,0.0,46.320717,3.1999602,5.5643549,Muslims,4,4,5,5,2
Ivory Coast,2002,677,91,,Sub-Saharan Africa,14.0,6.7618079,High,0.0,44.914967,0.0,0.0,46.320717,3.1999602,5.5643549,Muslims,4,4,5,5,2
Ivory Coast,2003,140,98,,Sub-Saharan Africa,14.0,6.7618079,High,0.0,44.914967,0.0,0.0,46.320717,3.1999602,5.5643549,Muslims,4,4,5,5,2
Ivory Coast,2004,47,7,,Sub-Saharan Africa,14.0,6.7618079,High,0.0,44.914967,0.0,0.0,46.320717,3.1999602,5.5643549,Muslims,4,4,5,5,2
Ivory Coast,2010,6,0,,Sub-Saharan Africa,14.0,6.7618079,High,0.0,44.914967,0.0,0.0,46.320717,3.1999602,5.5643549,Muslims,4,4,5,5,2
Ivory Coast,2011,98,8,,Sub-Saharan Africa,14.0,6.7618079,High,0.0,44.914967,0.0,0.0,46.320717,3.1999602,5.5643549,Muslims,4,4,5,5,2
Jordan,2015,1,1,2.0,Middle East-North Africa,169.0,0.66061467,Very low,0.018849416,2.8091633,0.027908115,0.0,97.086891,0.0097907158,0.047398046,Muslims,4,4,5,5,2
Jordan,2016,34,3,2.0,Middle East-North Africa,169.0,0.66061467,Very low,0.018849416,2.8091633,0.027908115,0.0,97.086891,0.0097907158,0.047398046,Muslims,4,4,5,5,2
Kenya,1999,18,0,0.0,Sub-Saharan Africa,102.0,2.9583752,Moderate,0.00096180144,85.670288,0.12790793,0.00057708088,10.931154,1.665675,1.6034372,Christians,4,4,3,3,3
Kenya,2001,10,0,0.0,Sub-Saharan Africa,102.0,2.9583752,Moderate,0.00096180144,85.670288,0.12790793,0.00057708088,10.931154,1.665675,1.6034372,Christians,4,4,3,3,3
Kenya,2007,1,0,0.0,Sub-Saharan Africa,102.0,2.9583752,Moderate,0.00096180144,85.670288,0.12790793,0.00057708088,10.931154,1.665675,1.6034372,Christians,4,4,3,3,3
Kenya,2011,2,0,0.0,Sub-Saharan Africa,102.0,2.9583752,Moderate,0.00096180144,85.670288,0.12790793,0.00057708088,10.931154,1.665675,1.6034372,Christians,4,4,3,3,3
Kenya,2012,29,1,0.0,Sub-Saharan Africa,102.0,2.9583752,Moderate,0.00096180144,85.670288,0.12790793,0.00057708088,10.931154,1.665675,1.6034372,Christians,4,4,3,3,3
Kenya,2013,29,10,0.0,Sub-Saharan Africa,102.0,2.9583752,Moderate,0.00096180144,85.670288,0.12790793,0.00057708088,10.931154,1.665675,1.6034372,Christians,4,4,3,3,3
Kenya,2014,42,0,0.0,Sub-Saharan Africa,102.0,2.9583752,Moderate,0.00096180144,85.670288,0.12790793,0.00057708088,10.931154,1.665675,1.6034372,Christians,4,4,3,3,3
Kenya,2015,48,3,0.0,Sub-Saharan Africa,102.0,2.9583752,Moderate,0.00096180144,85.670288,0.12790793,0.00057708088,10.931154,1.665675,1.6034372,Christians,4,4,3,3,3
Kenya,2016,49,1,0.0,Sub-Saharan Africa,102.0,2.9583752,Moderate,0.00096180144,85.670288,0.12790793,0.00057708088,10.931154,1.665675,1.6034372,Christians,4,4,3,3,3
Kenya,2017,85,11,0.0,Sub-Saharan Africa,102.0,2.9583752,Moderate,0.00096180144,85.670288,0.12790793,0.00057708088,10.931154,1.665675,1.6034372,Christians,4,4,3,3,3
Kenya,2018,69,1,0.0,Sub-Saharan Africa,102.0,2.9583752,Moderate,0.00096180144,85.670288,0.12790793,0.00057708088,10.931154,1.665675,1.6034372,Christians,4,4,3,3,3
Kenya,2019,61,4,0.0,Sub-Saharan Africa,102.0,2.9583752,Moderate,0.00096180144,85.670288,0.12790793,0.00057708088,10.931154,1.665675,1.6034372,Christians,4,4,3,3,3
Kenya,2020,94,9,0.0,Sub-Saharan Africa,102.0,2.9583752,Moderate,0.00096180144,85.670288,0.12790793,0.00057708088,10.931154,1.665675,1.6034372,Christians,4,4,3,3,3
Kenya,2021,75,17,0.0,Sub-Saharan Africa,102.0,2.9583752,Moderate,0.00096180144,85.670288,0.12790793,0.00057708088,10.931154,1.665675,1.6034372,Christians,4,4,3,3,3
Kenya,2022,72,17,0.0,Sub-Saharan Africa,102.0,2.9583752,Moderate,0.00096180144,85.670288,0.12790793,0.00057708088,10.931154,1.665675,1.6034372,Christians,4,4,3,3,3
Kenya,2023,202,6,0.0,Sub-Saharan Africa,102.0,2.9583752,Moderate,0.00096180144,85.670288,0.12790793,0.00057708088,10.931154,1.665675,1.6034372,Christians,4,4,3,3,3
Kenya,2024,66,15,0.0,Sub-Saharan Africa,102.0,2.9583752,Moderate,0.00096180144,85.670288,0.12790793,0.00057708088,10.931154,1.665675,1.6034372,Christians,4,4,3,3,3
Kyrgyzstan,1999,14,3,0.0,Asia-Pacific,137.0,1.8103309,Low,0.032685466,5.7533569,0.0093387049,0.0046693524,91.717468,1.3127055,1.1697749,Muslims,4,4,5,5,2
Kyrgyzstan,2000,174,0,0.0,Asia-Pacific,137.0,1.8103309,Low,0.032685466,5.7533569,0.0093387049,0.0046693524,91.717468,1.3127055,1.1697749,Muslims,4,4,5,5,2
Kyrgyzstan,2006,6,0,0.0,Asia-Pacific,137.0,1.8103309,Low,0.032685466,5.7533569,0.0093387049,0.0046693524,91.717468,1.3127055,1.1697749,Muslims,4,4,5,5,2
Laos,1989,30,0,,Asia-Pacific,42.0,5.4944801,Moderate,64.162964,1.5394446,0.0,0.0,0.022150202,34.222607,0.052833669,Buddhists,2,2,3,2,4
Laos,1990,249,35,,Asia-Pacific,42.0,5.4944801,Moderate,64.162964,1.5394446,0.0,0.0,0.022150202,34.222607,0.052833669,Buddhists,2,2,3,2,4
Laos,2000,5,0,,Asia-Pacific,42.0,5.4944801,Moderate,64.162964,1.5394446,0.0,0.0,0.022150202,34.222607,0.052833669,Buddhists,2,2,3,2,4
Lebanon,1989,780,104,0.0,Middle East-North Africa,49.0,5.3765492,Moderate,0.0066396804,27.906147,0.017323207,0.0056507913,67.783562,4.2618737,0.018806541,Muslims,4,4,5,5,2
Lebanon,1990,765,9,0.0,Middle East-North Africa,49.0,5.3765492,Moderate,0.0066396804,27.906147,0.017323207,0.0056507913,67.783562,4.2618737,0.018806541,Muslims,4,4,5,5,2
Lebanon,1991,45,3,0.0,Middle East-North Africa,49.0,5.3765492,Moderate,0.0066396804,27.906147,0.017323207,0.0056507913,67.783562,4.2618737,0.018806541,Muslims,4,4,5,5,2
Lebanon,1992,102,37,0.0,Middle East-North Africa,49.0,5.3765492,Moderate,0.0066396804,27.906147,0.017323207,0.0056507913,67.783562,4.2618737,0.018806541,Muslims,4,4,5,5,2
Lebanon,1993,137,34,0.0,Middle East-North Africa,49.0,5.3765492,Moderate,0.0066396804,27.906147,0.017323207,0.0056507913,67.783562,4.2618737,0.018806541,Muslims,4,4,5,5,2
Lebanon,1994,95,9,0.0,Middle East-North Africa,49.0,5.3765492,Moderate,0.0066396804,27.906147,0.017323207,0.0056507913,67.783562,4.2618737,0.018806541,Muslims,4,4,5,5,2
Lebanon,1995,90,7,0.0,Middle East-North Africa,49.0,5.3765492,Moderate,0.0066396804,27.906147,0.017323207,0.0056507913,67.783562,4.2618737,0.018806541,Muslims,4,4,5,5,2
Lebanon,1996,93,35,0.0,Middle East-North Africa,49.0,5.3765492,Moderate,0.0066396804,27.906147,0.017323207,0.0056507913,67.783562,4.2618737,0.018806541,Muslims,4,4,5,5,2
Lebanon,1997,89,15,0.0,Middle East-North Africa,49.0,5.3765492,Moderate,0.0066396804,27.906147,0.017323207,0.0056507913,67.783562,4.2618737,0.018806541,Muslims,4,4,5,5,2
Lebanon,1998,54,8,0.0,Middle East-North Africa,49.0,5.3765492,Moderate,0.0066396804,27.906147,0.017323207,0.0056507913,67.783562,4.2618737,0.018806541,Muslims,4,4,5,5,2
Lebanon,1999,43,7,0.0,Middle East-North Africa,49.0,5.3765492,Moderate,0.0066396804,27.906147,0.017323207,0.0056507913,67.783562,4.2618737,0.018806541,Muslims,4,4,5,5,2
Lebanon,2000,29,5,0.0,Middle East-North Africa,49.0,5.3765492,Moderate,0.0066396804,27.906147,0.017323207,0.0056507913,67.783562,4.2618737,0.018806541,Muslims,4,4,5,5,2
Lebanon,2001,4,0,0.0,Middle East-North Africa,49.0,5.3765492,Moderate,0.0066396804,27.906147,0.017323207,0.0056507913,67.783562,4.2618737,0.018806541,Muslims,4,4,5,5,2
Lebanon,2002,0,0,0.0,Middle East-North Africa,49.0,5.3765492,Moderate,0.0066396804,27.906147,0.017323207,0.0056507913,67.783562,4.2618737,0.018806541,Muslims,4,4,5,5,2
Lebanon,2003,1,0,0.0,Middle East-North Africa,49.0,5.3765492,Moderate,0.0066396804,27.906147,0.017323207,0.0056507913,67.783562,4.2618737,0.018806541,Muslims,4,4,5,5,2
Lebanon,2005,3,0,0.0,Middle East-North Africa,49.0,5.3765492,Moderate,0.0066396804,27.906147,0.017323207,0.0056507913,67.783562,4.2618737,0.018806541,Muslims,4,4,5,5,2
Lebanon,2006,1189,741,0.0,Middle East-North Africa,49.0,5.3765492,Moderate,0.0066396804,27.906147,0.017323207,0.0056507913,67.783562,4.2618737,0.018806541,Muslims,4,4,5,5,2
Lebanon,2013,2,0,0.0,Middle East-North Africa,49.0,5.3765492,Moderate,0.0066396804,27.906147,0.017323207,0.0056507913,67.783562,4.2618737,0.018806541,Muslims,4,4,5,5,2
Lebanon,2014,140,49,0.0,Middle East-North Africa,49.0,5.3765492,Moderate,0.0066396804,27.906147,0.017323207,0.0056507913,67.783562,4.2618737,0.018806541,Muslims,4,4,5,5,2
Lebanon,2015,79,0,0.0,Middle East-North Africa,49.0,5.3765492,Moderate,0.0066396804,27.906147,0.017323207,0.0056507913,67.783562,4.2618737,0.018806541,Muslims,4,4,5,5,2
Lebanon,2016,17,0,0.0,Middle East-North Africa,49.0,5.3765492,Moderate,0.0066396804,27.906147,0.017323207,0.0056507913,67.783562,4.2618737,0.018806541,Muslims,4,4,5,5,2
Lebanon,2017,74,1,0.0,Middle East-North Africa,49.0,5.3765492,Moderate,0.0066396804,27.906147,0.017323207,0.0056507913,67.783562,4.2618737,0.018806541,Muslims,4,4,5,5,2
Lebanon,2018,2,0,0.0,Middle East-North Africa,49.0,5.3765492,Moderate,0.0066396804,27.906147,0.017323207,0.0056507913,67.783562,4.2618737,0.018806541,Muslims,4,4,5,5,2
Lebanon,2020,20,1,0.0,Middle East-North Africa,49.0,5.3765492,Moderate,0.0066396804,27.906147,0.017323207,0.0056507913,67.783562,4.2618737,0.018806541,Muslims,4,4,5,5,2
Lebanon,2023,123,21,0.0,Middle East-North Africa,49.0,5.3765492,Moderate,0.0066396804,27.906147,0.017323207,0.0056507913,67.783562,4.2618737,0.018806541,Muslims,4,4,5,5,2
Lebanon,2024,4339,1026,0.0,Middle East-North Africa,49.0,5.3765492,Moderate,0.0066396804,27.906147,0.017323207,0.0056507913,67.783562,4.2618737,0.018806541,Muslims,4,4,5,5,2
Lesotho,1998,78,41,0.0,Sub-Saharan Africa,172.0,0.6122275,Very low,2.2657778e-05,97.323471,0.044363603,0.0044363602,0.21846071,0.74434406,1.6649034,Christians,4,4,3,3,3
Liberia,1989,27,0,0.0,Sub-Saharan Africa,98.0,3.0125105,Moderate,0.0,85.168961,0.005896708,0.0,12.723525,1.0351188,1.0664977,Christians,4,4,3,3,3
Liberia,1990,339,41,0.0,Sub-Saharan Africa,98.0,3.0125105,Moderate,0.0,85.168961,0.005896708,0.0,12.723525,1.0351188,1.0664977,Christians,4,4,3,3,3
Liberia,1993,5,0,0.0,Sub-Saharan Africa,98.0,3.0125105,Moderate,0.0,85.168961,0.005896708,0.0,12.723525,1.0351188,1.0664977,Christians,4,4,3,3,3
Liberia,2000,57,0,0.0,Sub-Saharan Africa,98.0,3.0125105,Moderate,0.0,85.168961,0.005896708,0.0,12.723525,1.0351188,1.0664977,Christians,4,4,3,3,3
Liberia,2001,341,9,0.0,Sub-Saharan Africa,98.0,3.0125105,Moderate,0.0,85.168961,0.005896708,0.0,12.723525,1.0351188,1.0664977,Christians,4,4,3,3,3
Liberia,2002,492,45,0.0,Sub-Saharan Africa,98.0,3.0125105,Moderate,0.0,85.168961,0.005896708,0.0,12.723525,1.0351188,1.0664977,Christians,4,4,3,3,3
Liberia,2003,1787,466,0.0,Sub-Saharan Africa,98.0,3.0125105,Moderate,0.0,85.168961,0.005896708,0.0,12.723525,1.0351188,1.0664977,Christians,4,4,3,3,3
Libya,2011,3762,90,2.0,Middle East-North Africa,189.0,0.23301323,Very low,0.25800115,0.52461785,0.089997694,0.001906484,98.994522,0.081556775,0.049393952,Muslims,4,4,5,5,2
Libya,2012,1,0,2.0,Middle East-North Africa,189.0,0.23301323,Very low,0.25800115,0.52461785,0.089997694,0.001906484,98.994522,0.081556775,0.049393952,Muslims,4,4,5,5,2
Libya,2013,31,0,2.0,Middle East-North Africa,189.0,0.23301323,Very low,0.25800115,0.52461785,0.089997694,0.001906484,98.994522,0.081556775,0.049393952,Muslims,4,4,5,5,2
Libya,2014,286,13,2.0,Middle East-North Africa,189.0,0.23301323,Very low,0.25800115,0.52461785,0.089997694,0.001906484,98.994522,0.081556775,0.049393952,Muslims,4,4,5,5,2
Libya,2015,275,19,2.0,Middle East-North Africa,189.0,0.23301323,Very low,0.25800115,0.52461785,0.089997694,0.001906484,98.994522,0.081556775,0.049393952,Muslims,4,4,5,5,2
Libya,2016,1742,4,2.0,Middle East-North Africa,189.0,0.23301323,Very low,0.25800115,0.52461785,0.089997694,0.001906484,98.994522,0.081556775,0.049393952,Muslims,4,4,5,5,2
Libya,2017,404,26,2.0,Middle East-North Africa,189.0,0.23301323,Very low,0.25800115,0.52461785,0.089997694,0.001906484,98.994522,0.081556775,0.049393952,Muslims,4,4,5,5,2
Libya,2018,44,1,2.0,Middle East-North Africa,189.0,0.23301323,Very low,0.25800115,0.52461785,0.089997694,0.001906484,98.994522,0.081556775,0.049393952,Muslims,4,4,5,5,2
Libya,2019,1631,277,2.0,Middle East-North Africa,189.0,0.23301323,Very low,0.25800115,0.52461785,0.089997694,0.001906484,98.994522,0.081556775,0.049393952,Muslims,4,4,5,5,2
Libya,2020,668,130,2.0,Middle East-North Africa,189.0,0.23301323,Very low,0.25800115,0.52461785,0.089997694,0.001906484,98.994522,0.081556775,0.049393952,Muslims,4,4,5,5,2
Libya,2021,10,0,2.0,Middle East-North Africa,189.0,0.23301323,Very low,0.25800115,0.52461785,0.089997694,0.001906484,98.994522,0.081556775,0.049393952,Muslims,4,4,5,5,2
Libya,2022,2,0,2.0,Middle East-North Africa,189.0,0.23301323,Very low,0.25800115,0.52461785,0.089997694,0.001906484,98.994522,0.081556775,0.049393952,Muslims,4,4,5,5,2
Libya,2023,2,0,2.0,Middle East-North Africa,189.0,0.23301323,Very low,0.25800115,0.52461785,0.089997694,0.001906484,98.994522,0.081556775,0.049393952,Muslims,4,4,5,5,2
Libya,2024,2,0,2.0,Middle East-North Africa,189.0,0.23301323,Very low,0.25800115,0.52461785,0.089997694,0.001906484,98.994522,0.081556775,0.049393952,Muslims,4,4,5,5,2
Malaysia,2013,70,2,2.0,Asia-Pacific,21.0,6.3115902,High,18.875608,9.1531849,6.122179,0.0,64.117195,0.88715404,0.84467882,Muslims,4,4,5,5,2
Malaysia,2017,1,0,2.0,Asia-Pacific,21.0,6.3115902,High,18.875608,9.1531849,6.122179,0.0,64.117195,0.88715404,0.84467882,Muslims,4,4,5,5,2
Mali,1990,457,0,0.0,Sub-Saharan Africa,150.0,1.3128054,Low,0.0,2.5717525,0.0,0.0,94.133713,0.76922739,2.5253079,Muslims,4,4,5,5,2
Mali,1991,71,9,0.0,Sub-Saharan Africa,150.0,1.3128054,Low,0.0,2.5717525,0.0,0.0,94.133713,0.76922739,2.5253079,Muslims,4,4,5,5,2
Mali,1992,9,0,0.0,Sub-Saharan Africa,150.0,1.3128054,Low,0.0,2.5717525,0.0,0.0,94.133713,0.76922739,2.5253079,Muslims,4,4,5,5,2
Mali,1994,106,3,0.0,Sub-Saharan Africa,150.0,1.3128054,Low,0.0,2.5717525,0.0,0.0,94.133713,0.76922739,2.5253079,Muslims,4,4,5,5,2
Mali,1995,2,0,0.0,Sub-Saharan Africa,150.0,1.3128054,Low,0.0,2.5717525,0.0,0.0,94.133713,0.76922739,2.5253079,Muslims,4,4,5,5,2
Mali,2005,12,0,0.0,Sub-Saharan Africa,150.0,1.3128054,Low,0.0,2.5717525,0.0,0.0,94.133713,0.76922739,2.5253079,Muslims,4,4,5,5,2
Mali,2007,39,12,0.0,Sub-Saharan Africa,150.0,1.3128054,Low,0.0,2.5717525,0.0,0.0,94.133713,0.76922739,2.5253079,Muslims,4,4,5,5,2
Mali,2008,112,10,0.0,Sub-Saharan Africa,150.0,1.3128054,Low,0.0,2.5717525,0.0,0.0,94.133713,0.76922739,2.5253079,Muslims,4,4,5,5,2
Mali,2009,126,0,0.0,Sub-Saharan Africa,150.0,1.3128054,Low,0.0,2.5717525,0.0,0.0,94.133713,0.76922739,2.5253079,Muslims,4,4,5,5,2
Mali,2010,28,2,0.0,Sub-Saharan Africa,150.0,1.3128054,Low,0.0,2.5717525,0.0,0.0,94.133713,0.76922739,2.5253079,Muslims,4,4,5,5,2
Mali,2011,22,3,0.0,Sub-Saharan Africa,150.0,1.3128054,Low,0.0,2.5717525,0.0,0.0,94.133713,0.76922739,2.5253079,Muslims,4,4,5,5,2
Mali,2012,218,1,0.0,Sub-Saharan Africa,150.0,1.3128054,Low,0.0,2.5717525,0.0,0.0,94.133713,0.76922739,2.5253079,Muslims,4,4,5,5,2
Mali,2013,823,28,0.0,Sub-Saharan Africa,150.0,1.3128054,Low,0.0,2.5717525,0.0,0.0,94.133713,0.76922739,2.5253079,Muslims,4,4,5,5,2
Mali,2014,193,0,0.0,Sub-Saharan Africa,150.0,1.3128054,Low,0.0,2.5717525,0.0,0.0,94.133713,0.76922739,2.5253079,Muslims,4,4,5,5,2
Mali,2015,185,13,0.0,Sub-Saharan Africa,150.0,1.3128054,Low,0.0,2.5717525,0.0,0.0,94.133713,0.76922739,2.5253079,Muslims,4,4,5,5,2
Mali,2016,100,4,0.0,Sub-Saharan Africa,150.0,1.3128054,Low,0.0,2.5717525,0.0,0.0,94.133713,0.76922739,2.5253079,Muslims,4,4,5,5,2
Mali,2017,383,29,0.0,Sub-Saharan Africa,150.0,1.3128054,Low,0.0,2.5717525,0.0,0.0,94.133713,0.76922739,2.5253079,Muslims,4,4,5,5,2
Mali,2018,521,73,0.0,Sub-Saharan Africa,150.0,1.3128054,Low,0.0,2.5717525,0.0,0.0,94.133713,0.76922739,2.5253079,Muslims,4,4,5,5,2
Mali,2019,603,63,0.0,Sub-Saharan Africa,150.0,1.3128054,Low,0.0,2.5717525,0.0,0.0,94.133713,0.76922739,2.5253079,Muslims,4,4,5,5,2
Mali,2020,583,40,0.0,Sub-Saharan Africa,150.0,1.3128054,Low,0.0,2.5717525,0.0,0.0,94.133713,0.76922739,2.5253079,Muslims,4,4,5,5,2
Mali,2021,726,53,0.0,Sub-Saharan Africa,150.0,1.3128054,Low,0.0,2.5717525,0.0,0.0,94.133713,0.76922739,2.5253079,Muslims,4,4,5,5,2
Mali,2022,1440,343,0.0,Sub-Saharan Africa,150.0,1.3128054,Low,0.0,2.5717525,0.0,0.0,94.133713,0.76922739,2.5253079,Muslims,4,4,5,5,2
Mali,2023,1238,250,0.0,Sub-Saharan Africa,150.0,1.3128054,Low,0.0,2.5717525,0.0,0.0,94.133713,0.76922739,2.5253079,Muslims,4,4,5,5,2
Mali,2024,1008,160,0.0,Sub-Saharan Africa,150.0,1.3128054,Low,0.0,2.5717525,0.0,0.0,94.133713,0.76922739,2.5253079,Muslims,4,4,5,5,2
Malta,1995,0,0,2.0,Europe,116.0,2.4579577,Moderate,0.60690731,88.599678,1.4153273,0.28691515,3.6430142,0.20319866,5.2449555,Christians,4,4,3,3,3
Mauritania,2008,12,0,2.0,Sub-Saharan Africa,191.0,0.18896182,Very low,0.0,0.23378052,0.0,0.0022229122,99.185402,0.47209132,0.10650241,Muslims,4,4,5,5,2
Mauritania,2010,1,0,2.0,Sub-Saharan Africa,191.0,0.18896182,Very low,0.0,0.23378052,0.0,0.0022229122,99.185402,0.47209132,0.10650241,Muslims,4,4,5,5,2
Mauritania,2011,12,0,2.0,Sub-Saharan Africa,191.0,0.18896182,Very low,0.0,0.23378052,0.0,0.0022229122,99.185402,0.47209132,0.10650241,Muslims,4,4,5,5,2
Mauritania,2023,6,0,2.0,Sub-Saharan Africa,191.0,0.18896182,Very low,0.0,0.23378052,0.0,0.0022229122,99.185402,0.47209132,0.10650241,Muslims,4,4,5,5,2
Mauritania,2024,3,3,2.0,Sub-Saharan Africa,191.0,0.18896182,Very low,0.0,0.23378052,0.0,0.0022229122,99.185402,0.47209132,0.10650241,Muslims,4,4,5,5,2
Mexico,1994,145,3,0.0,Latin America-Caribbean,127.0,2.2575657,Moderate,0.018263193,89.17308,0.0039171502,0.046796679,0.0062859333,0.11730411,10.63435,Christians,4,4,3,3,3
Mexico,1995,4,0,0.0,Latin America-Caribbean,127.0,2.2575657,Moderate,0.018263193,89.17308,0.0039171502,0.046796679,0.0062859333,0.11730411,10.63435,Christians,4,4,3,3,3
Mexico,1996,43,4,0.0,Latin America-Caribbean,127.0,2.2575657,Moderate,0.018263193,89.17308,0.0039171502,0.046796679,0.0062859333,0.11730411,10.63435,Christians,4,4,3,3,3
Mexico,1997,10,0,0.0,Latin America-Caribbean,127.0,2.2575657,Moderate,0.018263193,89.17308,0.0039171502,0.046796679,0.0062859333,0.11730411,10.63435,Christians,4,4,3,3,3
Mexico,1998,6,0,0.0,Latin America-Caribbean,127.0,2.2575657,Moderate,0.018263193,89.17308,0.0039171502,0.046796679,0.0062859333,0.11730411,10.63435,Christians,4,4,3,3,3
Moldova,1992,585,24,0.0,Europe,194.0,0.10829618,Very low,0.0035658169,99.534348,0.0,0.019609634,0.18123922,0.027385131,0.23385538,Christians,4,4,3,3,3
Morocco,1989,207,0,2.0,Middle East-North Africa,197.0,0.075547598,Very low,0.0,0.085476898,0.0,0.006179804,99.675522,0.10203585,0.13078915,Muslims,4,4,5,5,2
Morocco,1991,19,0,2.0,Middle East-North Africa,197.0,0.075547598,Very low,0.0,0.085476898,0.0,0.006179804,99.675522,0.10203585,0.13078915,Muslims,4,4,5,5,2
Morocco,2020,2,0,2.0,Middle East-North Africa,197.0,0.075547598,Very low,0.0,0.085476898,0.0,0.006179804,99.675522,0.10203585,0.13078915,Muslims,4,4,5,5,2
Morocco,2021,6,3,2.0,Middle East-North Africa,197.0,0.075547598,Very low,0.0,0.085476898,0.0,0.006179804,99.675522,0.10203585,0.13078915,Muslims,4,4,5,5,2
Morocco,2022,14,3,2.0,Middle East-North Africa,197.0,0.075547598,Very low,0.0,0.085476898,0.0,0.006179804,99.675522,0.10203585,0.13078915,Muslims,4,4,5,5,2
Morocco,2023,5,0,2.0,Middle East-North Africa,197.0,0.075547598,Very low,0.0,0.085476898,0.0,0.006179804,99.675522,0.10203585,0.13078915,Muslims,4,4,5,5,2
Morocco,2024,7,0,2.0,Middle East-North Africa,197.0,0.075547598,Very low,0.0,0.085476898,0.0,0.006179804,99.675522,0.10203585,0.13078915,Muslims,4,4,5,5,2
Mozambique,1989,1149,9,0.0,Sub-Saharan Africa,18.0,6.5703564,High,0.0016036828,61.339951,0.032073654,0.0,19.427248,4.9115868,14.287538,Christians,4,4,3,3,3
Mozambique,1990,1577,0,0.0,Sub-Saharan Africa,18.0,6.5703564,High,0.0016036828,61.339951,0.032073654,0.0,19.427248,4.9115868,14.287538,Christians,4,4,3,3,3
Mozambique,1991,1326,16,0.0,Sub-Saharan Africa,18.0,6.5703564,High,0.0016036828,61.339951,0.032073654,0.0,19.427248,4.9115868,14.287538,Christians,4,4,3,3,3
Mozambique,1992,309,224,0.0,Sub-Saharan Africa,18.0,6.5703564,High,0.0016036828,61.339951,0.032073654,0.0,19.427248,4.9115868,14.287538,Christians,4,4,3,3,3
Mozambique,2004,1,0,0.0,Sub-Saharan Africa,18.0,6.5703564,High,0.0016036828,61.339951,0.032073654,0.0,19.427248,4.9115868,14.287538,Christians,4,4,3,3,3
Mozambique,2005,12,0,0.0,Sub-Saharan Africa,18.0,6.5703564,High,0.0016036828,61.339951,0.032073654,0.0,19.427248,4.9115868,14.287538,Christians,4,4,3,3,3
Mozambique,2012,2,0,0.0,Sub-Saharan Africa,18.0,6.5703564,High,0.0016036828,61.339951,0.032073654,0.0,19.427248,4.9115868,14.287538,Christians,4,4,3,3,3
Mozambique,2013,42,3,0.0,Sub-Saharan Africa,18.0,6.5703564,High,0.0016036828,61.339951,0.032073654,0.0,19.427248,4.9115868,14.287538,Christians,4,4,3,3,3
Mozambique,2014,30,3,0.0,Sub-Saharan Africa,18.0,6.5703564,High,0.0016036828,61.339951,0.032073654,0.0,19.427248,4.9115868,14.287538,Christians,4,4,3,3,3
Mozambique,2016,55,3,0.0,Sub-Saharan Africa,18.0,6.5703564,High,0.0016036828,61.339951,0.032073654,0.0,19.427248,4.9115868,14.287538,Christians,4,4,3,3,3
Mozambique,2018,51,0,0.0,Sub-Saharan Africa,18.0,6.5703564,High,0.0016036828,61.339951,0.032073654,0.0,19.427248,4.9115868,14.287538,Christians,4,4,3,3,3
Mozambique,2019,291,15,0.0,Sub-Saharan Africa,18.0,6.5703564,High,0.0016036828,61.339951,0.032073654,0.0,19.427248,4.9115868,14.287538,Christians,4,4,3,3,3
Mozambique,2020,939,122,0.0,Sub-Saharan Africa,18.0,6.5703564,High,0.0016036828,61.339951,0.032073654,0.0,19.427248,4.9115868,14.287538,Christians,4,4,3,3,3
Mozambique,2021,867,36,0.0,Sub-Saharan Africa,18.0,6.5703564,High,0.0016036828,61.339951,0.032073654,0.0,19.427248,4.9115868,14.287538,Christians,4,4,3,3,3
Mozambique,2022,378,33,0.0,Sub-Saharan Africa,18.0,6.5703564,High,0.0016036828,61.339951,0.032073654,0.0,19.427248,4.9115868,14.287538,Christians,4,4,3,3,3
Mozambique,2023,176,8,0.0,Sub-Saharan Africa,18.0,6.5703564,High,0.0016036828,61.339951,0.032073654,0.0,19.427248,4.9115868,14.287538,Christians,4,4,3,3,3
Mozambique,2024,151,17,0.0,Sub-Saharan Africa,18.0,6.5703564,High,0.0016036828,61.339951,0.032073654,0.0,19.427248,4.9115868,14.287538,Christians,4,4,3,3,3
Myanmar (Burma),1989,1516,19,0.0,Asia-Pacific,122.0,2.35658,Moderate,89.051102,6.1357307,0.43941438,0.0001871846,3.3453557,0.96955991,0.05864704,Buddhists,2,2,3,2,4
Myanmar (Burma),1990,536,4,0.0,Asia-Pacific,122.0,2.35658,Moderate,89.051102,6.1357307,0.43941438,0.0001871846,3.3453557,0.96955991,0.05864704,Buddhists,2,2,3,2,4
Myanmar (Burma),1991,777,4,0.0,Asia-Pacific,122.0,2.35658,Moderate,89.051102,6.1357307,0.43941438,0.0001871846,3.3453557,0.96955991,0.05864704,Buddhists,2,2,3,2,4
Myanmar (Burma),1992,1617,105,0.0,Asia-Pacific,122.0,2.35658,Moderate,89.051102,6.1357307,0.43941438,0.0001871846,3.3453557,0.96955991,0.05864704,Buddhists,2,2,3,2,4
Myanmar (Burma),1993,141,0,0.0,Asia-Pacific,122.0,2.35658,Moderate,89.051102,6.1357307,0.43941438,0.0001871846,3.3453557,0.96955991,0.05864704,Buddhists,2,2,3,2,4
Myanmar (Burma),1994,700,7,0.0,Asia-Pacific,122.0,2.35658,Moderate,89.051102,6.1357307,0.43941438,0.0001871846,3.3453557,0.96955991,0.05864704,Buddhists,2,2,3,2,4
Myanmar (Burma),1995,324,6,0.0,Asia-Pacific,122.0,2.35658,Moderate,89.051102,6.1357307,0.43941438,0.0001871846,3.3453557,0.96955991,0.05864704,Buddhists,2,2,3,2,4
Myanmar (Burma),1996,232,1,0.0,Asia-Pacific,122.0,2.35658,Moderate,89.051102,6.1357307,0.43941438,0.0001871846,3.3453557,0.96955991,0.05864704,Buddhists,2,2,3,2,4
Myanmar (Burma),1997,330,8,0.0,Asia-Pacific,122.0,2.35658,Moderate,89.051102,6.1357307,0.43941438,0.0001871846,3.3453557,0.96955991,0.05864704,Buddhists,2,2,3,2,4
Myanmar (Burma),1998,65,0,0.0,Asia-Pacific,122.0,2.35658,Moderate,89.051102,6.1357307,0.43941438,0.0001871846,3.3453557,0.96955991,0.05864704,Buddhists,2,2,3,2,4
Myanmar (Burma),1999,52,5,0.0,Asia-Pacific,122.0,2.35658,Moderate,89.051102,6.1357307,0.43941438,0.0001871846,3.3453557,0.96955991,0.05864704,Buddhists,2,2,3,2,4
Myanmar (Burma),2000,215,2,0.0,Asia-Pacific,122.0,2.35658,Moderate,89.051102,6.1357307,0.43941438,0.0001871846,3.3453557,0.96955991,0.05864704,Buddhists,2,2,3,2,4
Myanmar (Burma),2001,227,8,0.0,Asia-Pacific,122.0,2.35658,Moderate,89.051102,6.1357307,0.43941438,0.0001871846,3.3453557,0.96955991,0.05864704,Buddhists,2,2,3,2,4
Myanmar (Burma),2002,293,19,0.0,Asia-Pacific,122.0,2.35658,Moderate,89.051102,6.1357307,0.43941438,0.0001871846,3.3453557,0.96955991,0.05864704,Buddhists,2,2,3,2,4
Myanmar (Burma),2003,52,0,0.0,Asia-Pacific,122.0,2.35658,Moderate,89.051102,6.1357307,0.43941438,0.0001871846,3.3453557,0.96955991,0.05864704,Buddhists,2,2,3,2,4
Myanmar (Burma),2004,63,5,0.0,Asia-Pacific,122.0,2.35658,Moderate,89.051102,6.1357307,0.43941438,0.0001871846,3.3453557,0.96955991,0.05864704,Buddhists,2,2,3,2,4
Myanmar (Burma),2005,141,6,0.0,Asia-Pacific,122.0,2.35658,Moderate,89.051102,6.1357307,0.43941438,0.0001871846,3.3453557,0.96955991,0.05864704,Buddhists,2,2,3,2,4
Myanmar (Burma),2006,258,6,0.0,Asia-Pacific,122.0,2.35658,Moderate,89.051102,6.1357307,0.43941438,0.0001871846,3.3453557,0.96955991,0.05864704,Buddhists,2,2,3,2,4
Myanmar (Burma),2007,366,13,0.0,Asia-Pacific,122.0,2.35658,Moderate,89.051102,6.1357307,0.43941438,0.0001871846,3.3453557,0.96955991,0.05864704,Buddhists,2,2,3,2,4
Myanmar (Burma),2008,46,1,0.0,Asia-Pacific,122.0,2.35658,Moderate,89.051102,6.1357307,0.43941438,0.0001871846,3.3453557,0.96955991,0.05864704,Buddhists,2,2,3,2,4
Myanmar (Burma),2009,205,0,0.0,Asia-Pacific,122.0,2.35658,Moderate,89.051102,6.1357307,0.43941438,0.0001871846,3.3453557,0.96955991,0.05864704,Buddhists,2,2,3,2,4
Myanmar (Burma),2010,160,5,0.0,Asia-Pacific,122.0,2.35658,Moderate,89.051102,6.1357307,0.43941438,0.0001871846,3.3453557,0.96955991,0.05864704,Buddhists,2,2,3,2,4
Myanmar (Burma),2011,720,26,0.0,Asia-Pacific,122.0,2.35658,Moderate,89.051102,6.1357307,0.43941438,0.0001871846,3.3453557,0.96955991,0.05864704,Buddhists,2,2,3,2,4
Myanmar (Burma),2012,732,9,0.0,Asia-Pacific,122.0,2.35658,Moderate,89.051102,6.1357307,0.43941438,0.0001871846,3.3453557,0.96955991,0.05864704,Buddhists,2,2,3,2,4
Myanmar (Burma),2013,281,8,0.0,Asia-Pacific,122.0,2.35658,Moderate,89.051102,6.1357307,0.43941438,0.0001871846,3.3453557,0.96955991,0.05864704,Buddhists,2,2,3,2,4
Myanmar (Burma),2014,211,3,0.0,Asia-Pacific,122.0,2.35658,Moderate,89.051102,6.1357307,0.43941438,0.0001871846,3.3453557,0.96955991,0.05864704,Buddhists,2,2,3,2,4
Myanmar (Burma),2015,675,28,0.0,Asia-Pacific,122.0,2.35658,Moderate,89.051102,6.1357307,0.43941438,0.0001871846,3.3453557,0.96955991,0.05864704,Buddhists,2,2,3,2,4
Myanmar (Burma),2016,126,7,0.0,Asia-Pacific,122.0,2.35658,Moderate,89.051102,6.1357307,0.43941438,0.0001871846,3.3453557,0.96955991,0.05864704,Buddhists,2,2,3,2,4
Myanmar (Burma),2017,531,20,0.0,Asia-Pacific,122.0,2.35658,Moderate,89.051102,6.1357307,0.43941438,0.0001871846,3.3453557,0.96955991,0.05864704,Buddhists,2,2,3,2,4
Myanmar (Burma),2018,118,34,0.0,Asia-Pacific,122.0,2.35658,Moderate,89.051102,6.1357307,0.43941438,0.0001871846,3.3453557,0.96955991,0.05864704,Buddhists,2,2,3,2,4
Myanmar (Burma),2019,563,60,0.0,Asia-Pacific,122.0,2.35658,Moderate,89.051102,6.1357307,0.43941438,0.0001871846,3.3453557,0.96955991,0.05864704,Buddhists,2,2,3,2,4
Myanmar (Burma),2020,197,151,0.0,Asia-Pacific,122.0,2.35658,Moderate,89.051102,6.1357307,0.43941438,0.0001871846,3.3453557,0.96955991,0.05864704,Buddhists,2,2,3,2,4
Myanmar (Burma),2021,1073,132,0.0,Asia-Pacific,122.0,2.35658,Moderate,89.051102,6.1357307,0.43941438,0.0001871846,3.3453557,0.96955991,0.05864704,Buddhists,2,2,3,2,4
Myanmar (Burma),2022,2054,533,0.0,Asia-Pacific,122.0,2.35658,Moderate,89.051102,6.1357307,0.43941438,0.0001871846,3.3453557,0.96955991,0.05864704,Buddhists,2,2,3,2,4
Myanmar (Burma),2023,2453,1124,0.0,Asia-Pacific,122.0,2.35658,Moderate,89.051102,6.1357307,0.43941438,0.0001871846,3.3453557,0.96955991,0.05864704,Buddhists,2,2,3,2,4
Myanmar (Burma),2024,2352,1873,0.0,Asia-Pacific,122.0,2.35658,Moderate,89.051102,6.1357307,0.43941438,0.0001871846,3.3453557,0.96955991,0.05864704,Buddhists,2,2,3,2,4
Namibia,1999,1,0,0.0,Sub-Saharan Africa,128.0,2.0514112,Moderate,0.028122639,90.535881,0.052227754,0.0040175198,0.11899709,3.629415,5.6313419,Christians,4,4,3,3,3
Namibia,2000,54,0,0.0,Sub-Saharan Africa,128.0,2.0514112,Moderate,0.028122639,90.535881,0.052227754,0.0040175198,0.11899709,3.629415,5.6313419,Christians,4,4,3,3,3
Nepal,1996,44,0,0.0,Asia-Pacific,82.0,3.8484476,Moderate,8.2087393,1.7583549,81.184013,0.0,5.0839415,3.7636583,0.0012947795,Hindus,3,3,4,3,3
Nepal,1997,40,0,0.0,Asia-Pacific,82.0,3.8484476,Moderate,8.2087393,1.7583549,81.184013,0.0,5.0839415,3.7636583,0.0012947795,Hindus,3,3,4,3,3
Nepal,1998,250,0,0.0,Asia-Pacific,82.0,3.8484476,Moderate,8.2087393,1.7583549,81.184013,0.0,5.0839415,3.7636583,0.0012947795,Hindus,3,3,4,3,3
Nepal,1999,156,0,0.0,Asia-Pacific,82.0,3.8484476,Moderate,8.2087393,1.7583549,81.184013,0.0,5.0839415,3.7636583,0.0012947795,Hindus,3,3,4,3,3
Nepal,2000,268,8,0.0,Asia-Pacific,82.0,3.8484476,Moderate,8.2087393,1.7583549,81.184013,0.0,5.0839415,3.7636583,0.0012947795,Hindus,3,3,4,3,3
Nepal,2001,429,0,0.0,Asia-Pacific,82.0,3.8484476,Moderate,8.2087393,1.7583549,81.184013,0.0,5.0839415,3.7636583,0.0012947795,Hindus,3,3,4,3,3
Nepal,2002,3946,33,0.0,Asia-Pacific,82.0,3.8484476,Moderate,8.2087393,1.7583549,81.184013,0.0,5.0839415,3.7636583,0.0012947795,Hindus,3,3,4,3,3
Nepal,2003,1341,14,0.0,Asia-Pacific,82.0,3.8484476,Moderate,8.2087393,1.7583549,81.184013,0.0,5.0839415,3.7636583,0.0012947795,Hindus,3,3,4,3,3
Nepal,2004,1880,1,0.0,Asia-Pacific,82.0,3.8484476,Moderate,8.2087393,1.7583549,81.184013,0.0,5.0839415,3.7636583,0.0012947795,Hindus,3,3,4,3,3
Nepal,2005,1104,30,0.0,Asia-Pacific,82.0,3.8484476,Moderate,8.2087393,1.7583549,81.184013,0.0,5.0839415,3.7636583,0.0012947795,Hindus,3,3,4,3,3
Nepal,2006,457,22,0.0,Asia-Pacific,82.0,3.8484476,Moderate,8.2087393,1.7583549,81.184013,0.0,5.0839415,3.7636583,0.0012947795,Hindus,3,3,4,3,3
Nepal,2009,9,0,0.0,Asia-Pacific,82.0,3.8484476,Moderate,8.2087393,1.7583549,81.184013,0.0,5.0839415,3.7636583,0.0012947795,Hindus,3,3,4,3,3
Netherlands,1990,2,2,0.0,Europe,15.0,6.7555914,High,0.29878932,35.103058,0.56280828,0.17503501,5.5006728,4.2433934,54.116241,Religiously_Unaffiliated,1,1,1,1,5
Netherlands,2015,0,0,0.0,Europe,15.0,6.7555914,High,0.29878932,35.103058,0.56280828,0.17503501,5.5006728,4.2433934,54.116241,Religiously_Unaffiliated,1,1,1,1,5
Nicaragua,1989,526,134,0.0,Latin America-Caribbean,97.0,3.0652897,Moderate,0.0042925472,84.806107,0.0,0.0014801887,0.0045885849,1.8793653,13.304164,Christians,4,4,3,3,3
Nicaragua,1990,39,2,0.0,Latin America-Caribbean,97.0,3.0652897,Moderate,0.0042925472,84.806107,0.0,0.0014801887,0.0045885849,1.8793653,13.304164,Christians,4,4,3,3,3
Niger,1991,40,0,0.0,Sub-Saharan Africa,179.0,0.42938092,Very low,0.0,0.55623633,0.0,0.0,98.133293,0.08625342,1.2242167,Muslims,4,4,5,5,2
Niger,1992,29,1,0.0,Sub-Saharan Africa,179.0,0.42938092,Very low,0.0,0.55623633,0.0,0.0,98.133293,0.08625342,1.2242167,Muslims,4,4,5,5,2
Niger,1993,6,0,0.0,Sub-Saharan Africa,179.0,0.42938092,Very low,0.0,0.55623633,0.0,0.0,98.133293,0.08625342,1.2242167,Muslims,4,4,5,5,2
Niger,1994,50,1,0.0,Sub-Saharan Africa,179.0,0.42938092,Very low,0.0,0.55623633,0.0,0.0,98.133293,0.08625342,1.2242167,Muslims,4,4,5,5,2
Niger,1995,36,2,0.0,Sub-Saharan Africa,179.0,0.42938092,Very low,0.0,0.55623633,0.0,0.0,98.133293,0.08625342,1.2242167,Muslims,4,4,5,5,2
Niger,1996,14,1,0.0,Sub-Saharan Africa,179.0,0.42938092,Very low,0.0,0.55623633,0.0,0.0,98.133293,0.08625342,1.2242167,Muslims,4,4,5,5,2
Niger,1997,69,1,0.0,Sub-Saharan Africa,179.0,0.42938092,Very low,0.0,0.55623633,0.0,0.0,98.133293,0.08625342,1.2242167,Muslims,4,4,5,5,2
Niger,2004,4,0,0.0,Sub-Saharan Africa,179.0,0.42938092,Very low,0.0,0.55623633,0.0,0.0,98.133293,0.08625342,1.2242167,Muslims,4,4,5,5,2
Niger,2007,81,5,0.0,Sub-Saharan Africa,179.0,0.42938092,Very low,0.0,0.55623633,0.0,0.0,98.133293,0.08625342,1.2242167,Muslims,4,4,5,5,2
Niger,2008,47,1,0.0,Sub-Saharan Africa,179.0,0.42938092,Very low,0.0,0.55623633,0.0,0.0,98.133293,0.08625342,1.2242167,Muslims,4,4,5,5,2
Niger,2012,1,0,0.0,Sub-Saharan Africa,179.0,0.42938092,Very low,0.0,0.55623633,0.0,0.0,98.133293,0.08625342,1.2242167,Muslims,4,4,5,5,2
Niger,2013,31,1,0.0,Sub-Saharan Africa,179.0,0.42938092,Very low,0.0,0.55623633,0.0,0.0,98.133293,0.08625342,1.2242167,Muslims,4,4,5,5,2
Niger,2015,368,45,0.0,Sub-Saharan Africa,179.0,0.42938092,Very low,0.0,0.55623633,0.0,0.0,98.133293,0.08625342,1.2242167,Muslims,4,4,5,5,2
Niger,2016,274,0,0.0,Sub-Saharan Africa,179.0,0.42938092,Very low,0.0,0.55623633,0.0,0.0,98.133293,0.08625342,1.2242167,Muslims,4,4,5,5,2
Niger,2017,234,14,0.0,Sub-Saharan Africa,179.0,0.42938092,Very low,0.0,0.55623633,0.0,0.0,98.133293,0.08625342,1.2242167,Muslims,4,4,5,5,2
Niger,2018,76,1,0.0,Sub-Saharan Africa,179.0,0.42938092,Very low,0.0,0.55623633,0.0,0.0,98.133293,0.08625342,1.2242167,Muslims,4,4,5,5,2
Niger,2019,300,18,0.0,Sub-Saharan Africa,179.0,0.42938092,Very low,0.0,0.55623633,0.0,0.0,98.133293,0.08625342,1.2242167,Muslims,4,4,5,5,2
Niger,2020,537,10,0.0,Sub-Saharan Africa,179.0,0.42938092,Very low,0.0,0.55623633,0.0,0.0,98.133293,0.08625342,1.2242167,Muslims,4,4,5,5,2
Niger,2021,459,16,0.0,Sub-Saharan Africa,179.0,0.42938092,Very low,0.0,0.55623633,0.0,0.0,98.133293,0.08625342,1.2242167,Muslims,4,4,5,5,2
Niger,2022,516,28,0.0,Sub-Saharan Africa,179.0,0.42938092,Very low,0.0,0.55623633,0.0,0.0,98.133293,0.08625342,1.2242167,Muslims,4,4,5,5,2
Niger,2023,337,10,0.0,Sub-Saharan Africa,179.0,0.42938092,Very low,0.0,0.55623633,0.0,0.0,98.133293,0.08625342,1.2242167,Muslims,4,4,5,5,2
Niger,2024,952,66,0.0,Sub-Saharan Africa,179.0,0.42938092,Very low,0.0,0.55623633,0.0,0.0,98.133293,0.08625342,1.2242167,Muslims,4,4,5,5,2
Nigeria,2003,1,0,0.0,Sub-Saharan Africa,34.0,5.8065233,High,0.00048001367,43.351376,0.00014400409,4.800137e-05,56.066505,0.20213321,0.3793115,Muslims,4,4,5,5,2
Nigeria,2004,151,11,0.0,Sub-Saharan Africa,34.0,5.8065233,High,0.00048001367,43.351376,0.00014400409,4.800137e-05,56.066505,0.20213321,0.3793115,Muslims,4,4,5,5,2
Nigeria,2009,405,3,0.0,Sub-Saharan Africa,34.0,5.8065233,High,0.00048001367,43.351376,0.00014400409,4.800137e-05,56.066505,0.20213321,0.3793115,Muslims,4,4,5,5,2
Nigeria,2010,18,3,0.0,Sub-Saharan Africa,34.0,5.8065233,High,0.00048001367,43.351376,0.00014400409,4.800137e-05,56.066505,0.20213321,0.3793115,Muslims,4,4,5,5,2
Nigeria,2011,325,76,0.0,Sub-Saharan Africa,34.0,5.8065233,High,0.00048001367,43.351376,0.00014400409,4.800137e-05,56.066505,0.20213321,0.3793115,Muslims,4,4,5,5,2
Nigeria,2012,811,232,0.0,Sub-Saharan Africa,34.0,5.8065233,High,0.00048001367,43.351376,0.00014400409,4.800137e-05,56.066505,0.20213321,0.3793115,Muslims,4,4,5,5,2
Nigeria,2013,1629,19,0.0,Sub-Saharan Africa,34.0,5.8065233,High,0.00048001367,43.351376,0.00014400409,4.800137e-05,56.066505,0.20213321,0.3793115,Muslims,4,4,5,5,2
Nigeria,2014,3819,105,0.0,Sub-Saharan Africa,34.0,5.8065233,High,0.00048001367,43.351376,0.00014400409,4.800137e-05,56.066505,0.20213321,0.3793115,Muslims,4,4,5,5,2
Nigeria,2015,4637,130,0.0,Sub-Saharan Africa,34.0,5.8065233,High,0.00048001367,43.351376,0.00014400409,4.800137e-05,56.066505,0.20213321,0.3793115,Muslims,4,4,5,5,2
Nigeria,2016,2491,16,0.0,Sub-Saharan Africa,34.0,5.8065233,High,0.00048001367,43.351376,0.00014400409,4.800137e-05,56.066505,0.20213321,0.3793115,Muslims,4,4,5,5,2
Nigeria,2017,1879,143,0.0,Sub-Saharan Africa,34.0,5.8065233,High,0.00048001367,43.351376,0.00014400409,4.800137e-05,56.066505,0.20213321,0.3793115,Muslims,4,4,5,5,2
Nigeria,2018,1173,41,0.0,Sub-Saharan Africa,34.0,5.8065233,High,0.00048001367,43.351376,0.00014400409,4.800137e-05,56.066505,0.20213321,0.3793115,Muslims,4,4,5,5,2
Nigeria,2019,1326,86,0.0,Sub-Saharan Africa,34.0,5.8065233,High,0.00048001367,43.351376,0.00014400409,4.800137e-05,56.066505,0.20213321,0.3793115,Muslims,4,4,5,5,2
Nigeria,2020,2001,104,0.0,Sub-Saharan Africa,34.0,5.8065233,High,0.00048001367,43.351376,0.00014400409,4.800137e-05,56.066505,0.20213321,0.3793115,Muslims,4,4,5,5,2
Nigeria,2021,1999,91,0.0,Sub-Saharan Africa,34.0,5.8065233,High,0.00048001367,43.351376,0.00014400409,4.800137e-05,56.066505,0.20213321,0.3793115,Muslims,4,4,5,5,2
Nigeria,2022,1535,24,0.0,Sub-Saharan Africa,34.0,5.8065233,High,0.00048001367,43.351376,0.00014400409,4.800137e-05,56.066505,0.20213321,0.3793115,Muslims,4,4,5,5,2
Nigeria,2023,2084,17,0.0,Sub-Saharan Africa,34.0,5.8065233,High,0.00048001367,43.351376,0.00014400409,4.800137e-05,56.066505,0.20213321,0.3793115,Muslims,4,4,5,5,2
Nigeria,2024,1486,95,0.0,Sub-Saharan Africa,34.0,5.8065233,High,0.00048001367,43.351376,0.00014400409,4.800137e-05,56.066505,0.20213321,0.3793115,Muslims,4,4,5,5,2
North Macedonia,2000,3,0,0.0,Europe,48.0,5.3778167,Moderate,0.011368634,64.685318,0.0,0.0047369311,34.727261,0.05566274,0.51565486,Christians,4,4,3,3,3
North Macedonia,2001,72,11,0.0,Europe,48.0,5.3778167,Moderate,0.011368634,64.685318,0.0,0.0047369311,34.727261,0.05566274,0.51565486,Christians,4,4,3,3,3
Pakistan,1990,70,3,2.0,Asia-Pacific,165.0,0.78516829,Very low,0.010499283,1.271848,2.1397018,9.0902737e-05,96.544304,0.020821461,0.012734035,Muslims,4,4,5,5,2
Pakistan,1993,0,0,2.0,Asia-Pacific,165.0,0.78516829,Very low,0.010499283,1.271848,2.1397018,9.0902737e-05,96.544304,0.020821461,0.012734035,Muslims,4,4,5,5,2
Pakistan,1994,38,0,2.0,Asia-Pacific,165.0,0.78516829,Very low,0.010499283,1.271848,2.1397018,9.0902737e-05,96.544304,0.020821461,0.012734035,Muslims,4,4,5,5,2
Pakistan,1995,69,12,2.0,Asia-Pacific,165.0,0.78516829,Very low,0.010499283,1.271848,2.1397018,9.0902737e-05,96.544304,0.020821461,0.012734035,Muslims,4,4,5,5,2
Pakistan,1996,42,0,2.0,Asia-Pacific,165.0,0.78516829,Very low,0.010499283,1.271848,2.1397018,9.0902737e-05,96.544304,0.020821461,0.012734035,Muslims,4,4,5,5,2
Pakistan,1997,3,0,2.0,Asia-Pacific,165.0,0.78516829,Very low,0.010499283,1.271848,2.1397018,9.0902737e-05,96.544304,0.020821461,0.012734035,Muslims,4,4,5,5,2
Pakistan,1998,6,0,2.0,Asia-Pacific,165.0,0.78516829,Very low,0.010499283,1.271848,2.1397018,9.0902737e-05,96.544304,0.020821461,0.012734035,Muslims,4,4,5,5,2
Pakistan,2000,1,0,2.0,Asia-Pacific,165.0,0.78516829,Very low,0.010499283,1.271848,2.1397018,9.0902737e-05,96.544304,0.020821461,0.012734035,Muslims,4,4,5,5,2
Pakistan,2001,20,0,2.0,Asia-Pacific,165.0,0.78516829,Very low,0.010499283,1.271848,2.1397018,9.0902737e-05,96.544304,0.020821461,0.012734035,Muslims,4,4,5,5,2
Pakistan,2002,18,0,2.0,Asia-Pacific,165.0,0.78516829,Very low,0.010499283,1.271848,2.1397018,9.0902737e-05,96.544304,0.020821461,0.012734035,Muslims,4,4,5,5,2
Pakistan,2003,28,0,2.0,Asia-Pacific,165.0,0.78516829,Very low,0.010499283,1.271848,2.1397018,9.0902737e-05,96.544304,0.020821461,0.012734035,Muslims,4,4,5,5,2
Pakistan,2004,359,21,2.0,Asia-Pacific,165.0,0.78516829,Very low,0.010499283,1.271848,2.1397018,9.0902737e-05,96.544304,0.020821461,0.012734035,Muslims,4,4,5,5,2
Pakistan,2005,137,11,2.0,Asia-Pacific,165.0,0.78516829,Very low,0.010499283,1.271848,2.1397018,9.0902737e-05,96.544304,0.020821461,0.012734035,Muslims,4,4,5,5,2
Pakistan,2006,419,21,2.0,Asia-Pacific,165.0,0.78516829,Very low,0.010499283,1.271848,2.1397018,9.0902737e-05,96.544304,0.020821461,0.012734035,Muslims,4,4,5,5,2
Pakistan,2007,770,112,2.0,Asia-Pacific,165.0,0.78516829,Very low,0.010499283,1.271848,2.1397018,9.0902737e-05,96.544304,0.020821461,0.012734035,Muslims,4,4,5,5,2
Pakistan,2008,3542,221,2.0,Asia-Pacific,165.0,0.78516829,Very low,0.010499283,1.271848,2.1397018,9.0902737e-05,96.544304,0.020821461,0.012734035,Muslims,4,4,5,5,2
Pakistan,2009,6916,211,2.0,Asia-Pacific,165.0,0.78516829,Very low,0.010499283,1.271848,2.1397018,9.0902737e-05,96.544304,0.020821461,0.012734035,Muslims,4,4,5,5,2
Pakistan,2010,6096,212,2.0,Asia-Pacific,165.0,0.78516829,Very low,0.010499283,1.271848,2.1397018,9.0902737e-05,96.544304,0.020821461,0.012734035,Muslims,4,4,5,5,2
Pakistan,2011,2873,130,2.0,Asia-Pacific,165.0,0.78516829,Very low,0.010499283,1.271848,2.1397018,9.0902737e-05,96.544304,0.020821461,0.012734035,Muslims,4,4,5,5,2
Pakistan,2012,3060,124,2.0,Asia-Pacific,165.0,0.78516829,Very low,0.010499283,1.271848,2.1397018,9.0902737e-05,96.544304,0.020821461,0.012734035,Muslims,4,4,5,5,2
Pakistan,2013,1850,90,2.0,Asia-Pacific,165.0,0.78516829,Very low,0.010499283,1.271848,2.1397018,9.0902737e-05,96.544304,0.020821461,0.012734035,Muslims,4,4,5,5,2
Pakistan,2014,3155,125,2.0,Asia-Pacific,165.0,0.78516829,Very low,0.010499283,1.271848,2.1397018,9.0902737e-05,96.544304,0.020821461,0.012734035,Muslims,4,4,5,5,2
Pakistan,2015,2133,53,2.0,Asia-Pacific,165.0,0.78516829,Very low,0.010499283,1.271848,2.1397018,9.0902737e-05,96.544304,0.020821461,0.012734035,Muslims,4,4,5,5,2
Pakistan,2016,755,54,2.0,Asia-Pacific,165.0,0.78516829,Very low,0.010499283,1.271848,2.1397018,9.0902737e-05,96.544304,0.020821461,0.012734035,Muslims,4,4,5,5,2
Pakistan,2017,621,132,2.0,Asia-Pacific,165.0,0.78516829,Very low,0.010499283,1.271848,2.1397018,9.0902737e-05,96.544304,0.020821461,0.012734035,Muslims,4,4,5,5,2
Pakistan,2018,226,44,2.0,Asia-Pacific,165.0,0.78516829,Very low,0.010499283,1.271848,2.1397018,9.0902737e-05,96.544304,0.020821461,0.012734035,Muslims,4,4,5,5,2
Pakistan,2019,214,33,2.0,Asia-Pacific,165.0,0.78516829,Very low,0.010499283,1.271848,2.1397018,9.0902737e-05,96.544304,0.020821461,0.012734035,Muslims,4,4,5,5,2
Pakistan,2020,330,26,2.0,Asia-Pacific,165.0,0.78516829,Very low,0.010499283,1.271848,2.1397018,9.0902737e-05,96.544304,0.020821461,0.012734035,Muslims,4,4,5,5,2
Pakistan,2021,424,27,2.0,Asia-Pacific,165.0,0.78516829,Very low,0.010499283,1.271848,2.1397018,9.0902737e-05,96.544304,0.020821461,0.012734035,Muslims,4,4,5,5,2
Pakistan,2022,631,25,2.0,Asia-Pacific,165.0,0.78516829,Very low,0.010499283,1.271848,2.1397018,9.0902737e-05,96.544304,0.020821461,0.012734035,Muslims,4,4,5,5,2
Pakistan,2023,1054,51,2.0,Asia-Pacific,165.0,0.78516829,Very low,0.010499283,1.271848,2.1397018,9.0902737e-05,96.544304,0.020821461,0.012734035,Muslims,4,4,5,5,2
Pakistan,2024,1541,135,2.0,Asia-Pacific,165.0,0.78516829,Very low,0.010499283,1.271848,2.1397018,9.0902737e-05,96.544304,0.020821461,0.012734035,Muslims,4,4,5,5,2
Panama,1989,77,0,0.0,Latin America-Caribbean,132.0,1.9217799,Low,0.17138614,91.157906,0.093144633,0.23286159,0.053109758,2.0811496,6.210443,Christians,4,4,3,3,3
Papua New Guinea,1989,12,0,0.0,Asia-Pacific,190.0,0.21097015,Very low,0.0027693331,99.089844,0.0022564935,0.0010256789,0.074771993,0.51881778,0.31051278,Christians,4,4,3,3,3
Papua New Guinea,1990,55,2,0.0,Asia-Pacific,190.0,0.21097015,Very low,0.0027693331,99.089844,0.0022564935,0.0010256789,0.074771993,0.51881778,0.31051278,Christians,4,4,3,3,3
Papua New Guinea,1991,18,0,0.0,Asia-Pacific,190.0,0.21097015,Very low,0.0027693331,99.089844,0.0022564935,0.0010256789,0.074771993,0.51881778,0.31051278,Christians,4,4,3,3,3
Papua New Guinea,1992,34,3,0.0,Asia-Pacific,190.0,0.21097015,Very low,0.0027693331,99.089844,0.0022564935,0.0010256789,0.074771993,0.51881778,0.31051278,Christians,4,4,3,3,3
Papua New Guinea,1993,34,1,0.0,Asia-Pacific,190.0,0.21097015,Very low,0.0027693331,99.089844,0.0022564935,0.0010256789,0.074771993,0.51881778,0.31051278,Christians,4,4,3,3,3
Papua New Guinea,1994,26,2,0.0,Asia-Pacific,190.0,0.21097015,Very low,0.0027693331,99.089844,0.0022564935,0.0010256789,0.074771993,0.51881778,0.31051278,Christians,4,4,3,3,3
Papua New Guinea,1995,29,1,0.0,Asia-Pacific,190.0,0.21097015,Very low,0.0027693331,99.089844,0.0022564935,0.0010256789,0.074771993,0.51881778,0.31051278,Christians,4,4,3,3,3
Papua New Guinea,1996,78,14,0.0,Asia-Pacific,190.0,0.21097015,Very low,0.0027693331,99.089844,0.0022564935,0.0010256789,0.074771993,0.51881778,0.31051278,Christians,4,4,3,3,3
Papua New Guinea,1997,12,1,0.0,Asia-Pacific,190.0,0.21097015,Very low,0.0027693331,99.089844,0.0022564935,0.0010256789,0.074771993,0.51881778,0.31051278,Christians,4,4,3,3,3
Paraguay,1989,150,0,2.0,Latin America-Caribbean,146.0,1.4347534,Low,0.022663077,93.527756,0.0,0.016619591,0.011331539,2.1739464,4.247684,Christians,4,4,3,3,3
Peru,1989,1827,37,0.0,Latin America-Caribbean,156.0,1.2192514,Low,0.031947389,94.491997,0.0094881346,0.0057048909,0.021588508,0.33256969,5.1067019,Christians,4,4,3,3,3
Peru,1990,1099,19,0.0,Latin America-Caribbean,156.0,1.2192514,Low,0.031947389,94.491997,0.0094881346,0.0057048909,0.021588508,0.33256969,5.1067019,Christians,4,4,3,3,3
Peru,1991,1138,17,0.0,Latin America-Caribbean,156.0,1.2192514,Low,0.031947389,94.491997,0.0094881346,0.0057048909,0.021588508,0.33256969,5.1067019,Christians,4,4,3,3,3
Peru,1992,1042,46,0.0,Latin America-Caribbean,156.0,1.2192514,Low,0.031947389,94.491997,0.0094881346,0.0057048909,0.021588508,0.33256969,5.1067019,Christians,4,4,3,3,3
Peru,1993,672,13,0.0,Latin America-Caribbean,156.0,1.2192514,Low,0.031947389,94.491997,0.0094881346,0.0057048909,0.021588508,0.33256969,5.1067019,Christians,4,4,3,3,3
Peru,1994,273,52,0.0,Latin America-Caribbean,156.0,1.2192514,Low,0.031947389,94.491997,0.0094881346,0.0057048909,0.021588508,0.33256969,5.1067019,Christians,4,4,3,3,3
Peru,1995,178,2,0.0,Latin America-Caribbean,156.0,1.2192514,Low,0.031947389,94.491997,0.0094881346,0.0057048909,0.021588508,0.33256969,5.1067019,Christians,4,4,3,3,3
Peru,1996,96,5,0.0,Latin America-Caribbean,156.0,1.2192514,Low,0.031947389,94.491997,0.0094881346,0.0057048909,0.021588508,0.33256969,5.1067019,Christians,4,4,3,3,3
Peru,1997,110,3,0.0,Latin America-Caribbean,156.0,1.2192514,Low,0.031947389,94.491997,0.0094881346,0.0057048909,0.021588508,0.33256969,5.1067019,Christians,4,4,3,3,3
Peru,1998,25,0,0.0,Latin America-Caribbean,156.0,1.2192514,Low,0.031947389,94.491997,0.0094881346,0.0057048909,0.021588508,0.33256969,5.1067019,Christians,4,4,3,3,3
Peru,1999,75,6,0.0,Latin America-Caribbean,156.0,1.2192514,Low,0.031947389,94.491997,0.0094881346,0.0057048909,0.021588508,0.33256969,5.1067019,Christians,4,4,3,3,3
Peru,2000,5,0,0.0,Latin America-Caribbean,156.0,1.2192514,Low,0.031947389,94.491997,0.0094881346,0.0057048909,0.021588508,0.33256969,5.1067019,Christians,4,4,3,3,3
Peru,2001,21,0,0.0,Latin America-Caribbean,156.0,1.2192514,Low,0.031947389,94.491997,0.0094881346,0.0057048909,0.021588508,0.33256969,5.1067019,Christians,4,4,3,3,3
Peru,2002,12,0,0.0,Latin America-Caribbean,156.0,1.2192514,Low,0.031947389,94.491997,0.0094881346,0.0057048909,0.021588508,0.33256969,5.1067019,Christians,4,4,3,3,3
Peru,2003,13,2,0.0,Latin America-Caribbean,156.0,1.2192514,Low,0.031947389,94.491997,0.0094881346,0.0057048909,0.021588508,0.33256969,5.1067019,Christians,4,4,3,3,3
Peru,2004,3,0,0.0,Latin America-Caribbean,156.0,1.2192514,Low,0.031947389,94.491997,0.0094881346,0.0057048909,0.021588508,0.33256969,5.1067019,Christians,4,4,3,3,3
Peru,2006,8,2,0.0,Latin America-Caribbean,156.0,1.2192514,Low,0.031947389,94.491997,0.0094881346,0.0057048909,0.021588508,0.33256969,5.1067019,Christians,4,4,3,3,3
Peru,2007,32,1,0.0,Latin America-Caribbean,156.0,1.2192514,Low,0.031947389,94.491997,0.0094881346,0.0057048909,0.021588508,0.33256969,5.1067019,Christians,4,4,3,3,3
Peru,2008,40,0,0.0,Latin America-Caribbean,156.0,1.2192514,Low,0.031947389,94.491997,0.0094881346,0.0057048909,0.021588508,0.33256969,5.1067019,Christians,4,4,3,3,3
Peru,2009,50,2,0.0,Latin America-Caribbean,156.0,1.2192514,Low,0.031947389,94.491997,0.0094881346,0.0057048909,0.021588508,0.33256969,5.1067019,Christians,4,4,3,3,3
Peru,2010,28,2,0.0,Latin America-Caribbean,156.0,1.2192514,Low,0.031947389,94.491997,0.0094881346,0.0057048909,0.021588508,0.33256969,5.1067019,Christians,4,4,3,3,3
Peru,2011,12,0,0.0,Latin America-Caribbean,156.0,1.2192514,Low,0.031947389,94.491997,0.0094881346,0.0057048909,0.021588508,0.33256969,5.1067019,Christians,4,4,3,3,3
Peru,2013,3,0,0.0,Latin America-Caribbean,156.0,1.2192514,Low,0.031947389,94.491997,0.0094881346,0.0057048909,0.021588508,0.33256969,5.1067019,Christians,4,4,3,3,3
Peru,2014,6,0,0.0,Latin America-Caribbean,156.0,1.2192514,Low,0.031947389,94.491997,0.0094881346,0.0057048909,0.021588508,0.33256969,5.1067019,Christians,4,4,3,3,3
Peru,2015,9,0,0.0,Latin America-Caribbean,156.0,1.2192514,Low,0.031947389,94.491997,0.0094881346,0.0057048909,0.021588508,0.33256969,5.1067019,Christians,4,4,3,3,3
Peru,2016,10,2,0.0,Latin America-Caribbean,156.0,1.2192514,Low,0.031947389,94.491997,0.0094881346,0.0057048909,0.021588508,0.33256969,5.1067019,Christians,4,4,3,3,3
Peru,2017,7,0,0.0,Latin America-Caribbean,156.0,1.2192514,Low,0.031947389,94.491997,0.0094881346,0.0057048909,0.021588508,0.33256969,5.1067019,Christians,4,4,3,3,3
Peru,2020,5,0,0.0,Latin America-Caribbean,156.0,1.2192514,Low,0.031947389,94.491997,0.0094881346,0.0057048909,0.021588508,0.33256969,5.1067019,Christians,4,4,3,3,3
Peru,2021,20,2,0.0,Latin America-Caribbean,156.0,1.2192514,Low,0.031947389,94.491997,0.0094881346,0.0057048909,0.021588508,0.33256969,5.1067019,Christians,4,4,3,3,3
Peru,2022,13,0,0.0,Latin America-Caribbean,156.0,1.2192514,Low,0.031947389,94.491997,0.0094881346,0.0057048909,0.021588508,0.33256969,5.1067019,Christians,4,4,3,3,3
Peru,2023,12,0,0.0,Latin America-Caribbean,156.0,1.2192514,Low,0.031947389,94.491997,0.0094881346,0.0057048909,0.021588508,0.33256969,5.1067019,Christians,4,4,3,3,3
Philippines,1989,937,82,0.0,Asia-Pacific,135.0,1.8539435,Low,0.036360435,91.461205,0.0013286473,0.00045225915,6.4623485,1.9971682,0.041135743,Christians,4,4,3,3,3
Philippines,1990,1316,50,0.0,Asia-Pacific,135.0,1.8539435,Low,0.036360435,91.461205,0.0013286473,0.00045225915,6.4623485,1.9971682,0.041135743,Christians,4,4,3,3,3
Philippines,1991,1514,30,0.0,Asia-Pacific,135.0,1.8539435,Low,0.036360435,91.461205,0.0013286473,0.00045225915,6.4623485,1.9971682,0.041135743,Christians,4,4,3,3,3
Philippines,1992,430,9,0.0,Asia-Pacific,135.0,1.8539435,Low,0.036360435,91.461205,0.0013286473,0.00045225915,6.4623485,1.9971682,0.041135743,Christians,4,4,3,3,3
Philippines,1993,253,1,0.0,Asia-Pacific,135.0,1.8539435,Low,0.036360435,91.461205,0.0013286473,0.00045225915,6.4623485,1.9971682,0.041135743,Christians,4,4,3,3,3
Philippines,1994,276,15,0.0,Asia-Pacific,135.0,1.8539435,Low,0.036360435,91.461205,0.0013286473,0.00045225915,6.4623485,1.9971682,0.041135743,Christians,4,4,3,3,3
Philippines,1995,152,1,0.0,Asia-Pacific,135.0,1.8539435,Low,0.036360435,91.461205,0.0013286473,0.00045225915,6.4623485,1.9971682,0.041135743,Christians,4,4,3,3,3
Philippines,1996,191,14,0.0,Asia-Pacific,135.0,1.8539435,Low,0.036360435,91.461205,0.0013286473,0.00045225915,6.4623485,1.9971682,0.041135743,Christians,4,4,3,3,3
Philippines,1997,302,21,0.0,Asia-Pacific,135.0,1.8539435,Low,0.036360435,91.461205,0.0013286473,0.00045225915,6.4623485,1.9971682,0.041135743,Christians,4,4,3,3,3
Philippines,1998,99,9,0.0,Asia-Pacific,135.0,1.8539435,Low,0.036360435,91.461205,0.0013286473,0.00045225915,6.4623485,1.9971682,0.041135743,Christians,4,4,3,3,3
Philippines,1999,205,10,0.0,Asia-Pacific,135.0,1.8539435,Low,0.036360435,91.461205,0.0013286473,0.00045225915,6.4623485,1.9971682,0.041135743,Christians,4,4,3,3,3
Philippines,2000,1571,28,0.0,Asia-Pacific,135.0,1.8539435,Low,0.036360435,91.461205,0.0013286473,0.00045225915,6.4623485,1.9971682,0.041135743,Christians,4,4,3,3,3
Philippines,2001,1008,35,0.0,Asia-Pacific,135.0,1.8539435,Low,0.036360435,91.461205,0.0013286473,0.00045225915,6.4623485,1.9971682,0.041135743,Christians,4,4,3,3,3
Philippines,2002,684,33,0.0,Asia-Pacific,135.0,1.8539435,Low,0.036360435,91.461205,0.0013286473,0.00045225915,6.4623485,1.9971682,0.041135743,Christians,4,4,3,3,3
Philippines,2003,1051,55,0.0,Asia-Pacific,135.0,1.8539435,Low,0.036360435,91.461205,0.0013286473,0.00045225915,6.4623485,1.9971682,0.041135743,Christians,4,4,3,3,3
Philippines,2004,339,8,0.0,Asia-Pacific,135.0,1.8539435,Low,0.036360435,91.461205,0.0013286473,0.00045225915,6.4623485,1.9971682,0.041135743,Christians,4,4,3,3,3
Philippines,2005,470,13,0.0,Asia-Pacific,135.0,1.8539435,Low,0.036360435,91.461205,0.0013286473,0.00045225915,6.4623485,1.9971682,0.041135743,Christians,4,4,3,3,3
Philippines,2006,376,6,0.0,Asia-Pacific,135.0,1.8539435,Low,0.036360435,91.461205,0.0013286473,0.00045225915,6.4623485,1.9971682,0.041135743,Christians,4,4,3,3,3
Philippines,2007,439,6,0.0,Asia-Pacific,135.0,1.8539435,Low,0.036360435,91.461205,0.0013286473,0.00045225915,6.4623485,1.9971682,0.041135743,Christians,4,4,3,3,3
Philippines,2008,504,55,0.0,Asia-Pacific,135.0,1.8539435,Low,0.036360435,91.461205,0.0013286473,0.00045225915,6.4623485,1.9971682,0.041135743,Christians,4,4,3,3,3
Philippines,2009,911,10,0.0,Asia-Pacific,135.0,1.8539435,Low,0.036360435,91.461205,0.0013286473,0.00045225915,6.4623485,1.9971682,0.041135743,Christians,4,4,3,3,3
Philippines,2010,334,20,0.0,Asia-Pacific,135.0,1.8539435,Low,0.036360435,91.461205,0.0013286473,0.00045225915,6.4623485,1.9971682,0.041135743,Christians,4,4,3,3,3
Philippines,2011,350,20,0.0,Asia-Pacific,135.0,1.8539435,Low,0.036360435,91.461205,0.0013286473,0.00045225915,6.4623485,1.9971682,0.041135743,Christians,4,4,3,3,3
Philippines,2012,296,21,0.0,Asia-Pacific,135.0,1.8539435,Low,0.036360435,91.461205,0.0013286473,0.00045225915,6.4623485,1.9971682,0.041135743,Christians,4,4,3,3,3
Philippines,2013,516,21,0.0,Asia-Pacific,135.0,1.8539435,Low,0.036360435,91.461205,0.0013286473,0.00045225915,6.4623485,1.9971682,0.041135743,Christians,4,4,3,3,3
Philippines,2014,472,21,0.0,Asia-Pacific,135.0,1.8539435,Low,0.036360435,91.461205,0.0013286473,0.00045225915,6.4623485,1.9971682,0.041135743,Christians,4,4,3,3,3
Philippines,2015,572,15,0.0,Asia-Pacific,135.0,1.8539435,Low,0.036360435,91.461205,0.0013286473,0.00045225915,6.4623485,1.9971682,0.041135743,Christians,4,4,3,3,3
Philippines,2016,559,6,0.0,Asia-Pacific,135.0,1.8539435,Low,0.036360435,91.461205,0.0013286473,0.00045225915,6.4623485,1.9971682,0.041135743,Christians,4,4,3,3,3
Philippines,2017,1627,24,0.0,Asia-Pacific,135.0,1.8539435,Low,0.036360435,91.461205,0.0013286473,0.00045225915,6.4623485,1.9971682,0.041135743,Christians,4,4,3,3,3
Philippines,2018,420,7,0.0,Asia-Pacific,135.0,1.8539435,Low,0.036360435,91.461205,0.0013286473,0.00045225915,6.4623485,1.9971682,0.041135743,Christians,4,4,3,3,3
Philippines,2019,313,10,0.0,Asia-Pacific,135.0,1.8539435,Low,0.036360435,91.461205,0.0013286473,0.00045225915,6.4623485,1.9971682,0.041135743,Christians,4,4,3,3,3
Philippines,2020,349,11,0.0,Asia-Pacific,135.0,1.8539435,Low,0.036360435,91.461205,0.0013286473,0.00045225915,6.4623485,1.9971682,0.041135743,Christians,4,4,3,3,3
Philippines,2021,292,10,0.0,Asia-Pacific,135.0,1.8539435,Low,0.036360435,91.461205,0.0013286473,0.00045225915,6.4623485,1.9971682,0.041135743,Christians,4,4,3,3,3
Philippines,2022,240,4,0.0,Asia-Pacific,135.0,1.8539435,Low,0.036360435,91.461205,0.0013286473,0.00045225915,6.4623485,1.9971682,0.041135743,Christians,4,4,3,3,3
Philippines,2023,245,0,0.0,Asia-Pacific,135.0,1.8539435,Low,0.036360435,91.461205,0.0013286473,0.00045225915,6.4623485,1.9971682,0.041135743,Christians,4,4,3,3,3
Philippines,2024,196,0,0.0,Asia-Pacific,135.0,1.8539435,Low,0.036360435,91.461205,0.0013286473,0.00045225915,6.4623485,1.9971682,0.041135743,Christians,4,4,3,3,3
Qatar,2004,0,0,2.0,Middle East-North Africa,67.0,4.6313009,Moderate,0.21844786,12.548363,10.629536,0.010868053,75.891762,0.42740431,0.27362135,Muslims,4,4,5,5,2
Romania,1989,249,0,0.0,Europe,183.0,0.33653349,Very low,0.029729391,98.542,0.019956755,0.045262743,0.35579652,0.067656629,0.93960071,Christians,4,4,3,3,3
Russia (Soviet Union),1990,192,5,,Europe,47.0,5.4060669,Moderate,0.35243994,69.925789,0.071238369,0.084050812,8.1930084,1.1752315,20.198244,Christians,4,4,3,3,3
Russia (Soviet Union),1991,220,7,,Europe,47.0,5.4060669,Moderate,0.35243994,69.925789,0.071238369,0.084050812,8.1930084,1.1752315,20.198244,Christians,4,4,3,3,3
Russia (Soviet Union),1993,145,4,,Europe,47.0,5.4060669,Moderate,0.35243994,69.925789,0.071238369,0.084050812,8.1930084,1.1752315,20.198244,Christians,4,4,3,3,3
Russia (Soviet Union),1994,229,100,,Europe,47.0,5.4060669,Moderate,0.35243994,69.925789,0.071238369,0.084050812,8.1930084,1.1752315,20.198244,Christians,4,4,3,3,3
Russia (Soviet Union),1995,1754,68,,Europe,47.0,5.4060669,Moderate,0.35243994,69.925789,0.071238369,0.084050812,8.1930084,1.1752315,20.198244,Christians,4,4,3,3,3
Russia (Soviet Union),1996,2721,435,,Europe,47.0,5.4060669,Moderate,0.35243994,69.925789,0.071238369,0.084050812,8.1930084,1.1752315,20.198244,Christians,4,4,3,3,3
Russia (Soviet Union),1997,11,0,,Europe,47.0,5.4060669,Moderate,0.35243994,69.925789,0.071238369,0.084050812,8.1930084,1.1752315,20.198244,Christians,4,4,3,3,3
Russia (Soviet Union),1998,7,0,,Europe,47.0,5.4060669,Moderate,0.35243994,69.925789,0.071238369,0.084050812,8.1930084,1.1752315,20.198244,Christians,4,4,3,3,3
Russia (Soviet Union),1999,5854,895,,Europe,47.0,5.4060669,Moderate,0.35243994,69.925789,0.071238369,0.084050812,8.1930084,1.1752315,20.198244,Christians,4,4,3,3,3
Russia (Soviet Union),2000,2907,3,,Europe,47.0,5.4060669,Moderate,0.35243994,69.925789,0.071238369,0.084050812,8.1930084,1.1752315,20.198244,Christians,4,4,3,3,3
Russia (Soviet Union),2001,791,18,,Europe,47.0,5.4060669,Moderate,0.35243994,69.925789,0.071238369,0.084050812,8.1930084,1.1752315,20.198244,Christians,4,4,3,3,3
Russia (Soviet Union),2002,1289,145,,Europe,47.0,5.4060669,Moderate,0.35243994,69.925789,0.071238369,0.084050812,8.1930084,1.1752315,20.198244,Christians,4,4,3,3,3
Russia (Soviet Union),2003,480,29,,Europe,47.0,5.4060669,Moderate,0.35243994,69.925789,0.071238369,0.084050812,8.1930084,1.1752315,20.198244,Christians,4,4,3,3,3
Russia (Soviet Union),2004,1151,355,,Europe,47.0,5.4060669,Moderate,0.35243994,69.925789,0.071238369,0.084050812,8.1930084,1.1752315,20.198244,Christians,4,4,3,3,3
Russia (Soviet Union),2005,682,44,,Europe,47.0,5.4060669,Moderate,0.35243994,69.925789,0.071238369,0.084050812,8.1930084,1.1752315,20.198244,Christians,4,4,3,3,3
Russia (Soviet Union),2006,259,10,,Europe,47.0,5.4060669,Moderate,0.35243994,69.925789,0.071238369,0.084050812,8.1930084,1.1752315,20.198244,Christians,4,4,3,3,3
Russia (Soviet Union),2007,176,4,,Europe,47.0,5.4060669,Moderate,0.35243994,69.925789,0.071238369,0.084050812,8.1930084,1.1752315,20.198244,Christians,4,4,3,3,3
Russia (Soviet Union),2008,404,14,,Europe,47.0,5.4060669,Moderate,0.35243994,69.925789,0.071238369,0.084050812,8.1930084,1.1752315,20.198244,Christians,4,4,3,3,3
Russia (Soviet Union),2009,697,23,,Europe,47.0,5.4060669,Moderate,0.35243994,69.925789,0.071238369,0.084050812,8.1930084,1.1752315,20.198244,Christians,4,4,3,3,3
Russia (Soviet Union),2010,418,3,,Europe,47.0,5.4060669,Moderate,0.35243994,69.925789,0.071238369,0.084050812,8.1930084,1.1752315,20.198244,Christians,4,4,3,3,3
Russia (Soviet Union),2011,356,10,,Europe,47.0,5.4060669,Moderate,0.35243994,69.925789,0.071238369,0.084050812,8.1930084,1.1752315,20.198244,Christians,4,4,3,3,3
Russia (Soviet Union),2012,516,3,,Europe,47.0,5.4060669,Moderate,0.35243994,69.925789,0.071238369,0.084050812,8.1930084,1.1752315,20.198244,Christians,4,4,3,3,3
Russia (Soviet Union),2013,321,5,,Europe,47.0,5.4060669,Moderate,0.35243994,69.925789,0.071238369,0.084050812,8.1930084,1.1752315,20.198244,Christians,4,4,3,3,3
Russia (Soviet Union),2014,174,1,,Europe,47.0,5.4060669,Moderate,0.35243994,69.925789,0.071238369,0.084050812,8.1930084,1.1752315,20.198244,Christians,4,4,3,3,3
Russia (Soviet Union),2015,84,0,,Europe,47.0,5.4060669,Moderate,0.35243994,69.925789,0.071238369,0.084050812,8.1930084,1.1752315,20.198244,Christians,4,4,3,3,3
Russia (Soviet Union),2016,77,0,,Europe,47.0,5.4060669,Moderate,0.35243994,69.925789,0.071238369,0.084050812,8.1930084,1.1752315,20.198244,Christians,4,4,3,3,3
Russia (Soviet Union),2017,53,0,,Europe,47.0,5.4060669,Moderate,0.35243994,69.925789,0.071238369,0.084050812,8.1930084,1.1752315,20.198244,Christians,4,4,3,3,3
Russia (Soviet Union),2018,32,0,,Europe,47.0,5.4060669,Moderate,0.35243994,69.925789,0.071238369,0.084050812,8.1930084,1.1752315,20.198244,Christians,4,4,3,3,3
Russia (Soviet Union),2019,26,0,,Europe,47.0,5.4060669,Moderate,0.35243994,69.925789,0.071238369,0.084050812,8.1930084,1.1752315,20.198244,Christians,4,4,3,3,3
Russia (Soviet Union),2020,32,0,,Europe,47.0,5.4060669,Moderate,0.35243994,69.925789,0.071238369,0.084050812,8.1930084,1.1752315,20.198244,Christians,4,4,3,3,3
Russia (Soviet Union),2021,2,0,,Europe,47.0,5.4060669,Moderate,0.35243994,69.925789,0.071238369,0.084050812,8.1930084,1.1752315,20.198244,Christians,4,4,3,3,3
Russia (Soviet Union),2022,2,0,,Europe,47.0,5.4060669,Moderate,0.35243994,69.925789,0.071238369,0.084050812,8.1930084,1.1752315,20.198244,Christians,4,4,3,3,3
Russia (Soviet Union),2023,104,9,,Europe,47.0,5.4060669,Moderate,0.35243994,69.925789,0.071238369,0.084050812,8.1930084,1.1752315,20.198244,Christians,4,4,3,3,3
Russia (Soviet Union),2024,86,7,,Europe,47.0,5.4060669,Moderate,0.35243994,69.925789,0.071238369,0.084050812,8.1930084,1.1752315,20.198244,Christians,4,4,3,3,3
Rwanda,1990,1126,0,0.0,Sub-Saharan Africa,167.0,0.67687076,Very low,0.0,97.0336,0.0038033337,0.0,1.8075737,0.1470868,1.0079354,Christians,4,4,3,3,3
Rwanda,1991,153,0,0.0,Sub-Saharan Africa,167.0,0.67687076,Very low,0.0,97.0336,0.0038033337,0.0,1.8075737,0.1470868,1.0079354,Christians,4,4,3,3,3
Rwanda,1992,87,0,0.0,Sub-Saharan Africa,167.0,0.67687076,Very low,0.0,97.0336,0.0038033337,0.0,1.8075737,0.1470868,1.0079354,Christians,4,4,3,3,3
Rwanda,1993,353,18,0.0,Sub-Saharan Africa,167.0,0.67687076,Very low,0.0,97.0336,0.0038033337,0.0,1.8075737,0.1470868,1.0079354,Christians,4,4,3,3,3
Rwanda,1994,1882,538,0.0,Sub-Saharan Africa,167.0,0.67687076,Very low,0.0,97.0336,0.0038033337,0.0,1.8075737,0.1470868,1.0079354,Christians,4,4,3,3,3
Rwanda,1996,124,13,0.0,Sub-Saharan Africa,167.0,0.67687076,Very low,0.0,97.0336,0.0038033337,0.0,1.8075737,0.1470868,1.0079354,Christians,4,4,3,3,3
Rwanda,1997,985,174,0.0,Sub-Saharan Africa,167.0,0.67687076,Very low,0.0,97.0336,0.0038033337,0.0,1.8075737,0.1470868,1.0079354,Christians,4,4,3,3,3
Rwanda,1998,1095,11,0.0,Sub-Saharan Africa,167.0,0.67687076,Very low,0.0,97.0336,0.0038033337,0.0,1.8075737,0.1470868,1.0079354,Christians,4,4,3,3,3
Rwanda,2001,2044,1,0.0,Sub-Saharan Africa,167.0,0.67687076,Very low,0.0,97.0336,0.0038033337,0.0,1.8075737,0.1470868,1.0079354,Christians,4,4,3,3,3
Rwanda,2004,16,0,0.0,Sub-Saharan Africa,167.0,0.67687076,Very low,0.0,97.0336,0.0038033337,0.0,1.8075737,0.1470868,1.0079354,Christians,4,4,3,3,3
Rwanda,2012,13,2,0.0,Sub-Saharan Africa,167.0,0.67687076,Very low,0.0,97.0336,0.0038033337,0.0,1.8075737,0.1470868,1.0079354,Christians,4,4,3,3,3
Rwanda,2013,1,1,0.0,Sub-Saharan Africa,167.0,0.67687076,Very low,0.0,97.0336,0.0038033337,0.0,1.8075737,0.1470868,1.0079354,Christians,4,4,3,3,3
Rwanda,2018,9,0,0.0,Sub-Saharan Africa,167.0,0.67687076,Very low,0.0,97.0336,0.0038033337,0.0,1.8075737,0.1470868,1.0079354,Christians,4,4,3,3,3
Rwanda,2019,19,0,0.0,Sub-Saharan Africa,167.0,0.67687076,Very low,0.0,97.0336,0.0038033337,0.0,1.8075737,0.1470868,1.0079354,Christians,4,4,3,3,3
Rwanda,2021,7,0,0.0,Sub-Saharan Africa,167.0,0.67687076,Very low,0.0,97.0336,0.0038033337,0.0,1.8075737,0.1470868,1.0079354,Christians,4,4,3,3,3
Rwanda,2022,6,1,0.0,Sub-Saharan Africa,167.0,0.67687076,Very low,0.0,97.0336,0.0038033337,0.0,1.8075737,0.1470868,1.0079354,Christians,4,4,3,3,3
Rwanda,2024,1,0,0.0,Sub-Saharan Africa,167.0,0.67687076,Very low,0.0,97.0336,0.0038033337,0.0,1.8075737,0.1470868,1.0079354,Christians,4,4,3,3,3
Saudi Arabia,2004,58,3,2.0,Middle East-North Africa,142.0,1.6120856,Low,0.07348647,4.377708,2.6221166,0.0027474433,92.693802,0.11803728,0.11210346,Muslims,4,4,5,5,2
Saudi Arabia,2005,31,0,2.0,Middle East-North Africa,142.0,1.6120856,Low,0.07348647,4.377708,2.6221166,0.0027474433,92.693802,0.11803728,0.11210346,Muslims,4,4,5,5,2
Saudi Arabia,2006,11,2,2.0,Middle East-North Africa,142.0,1.6120856,Low,0.07348647,4.377708,2.6221166,0.0027474433,92.693802,0.11803728,0.11210346,Muslims,4,4,5,5,2
Saudi Arabia,2007,2,0,2.0,Middle East-North Africa,142.0,1.6120856,Low,0.07348647,4.377708,2.6221166,0.0027474433,92.693802,0.11803728,0.11210346,Muslims,4,4,5,5,2
Saudi Arabia,2015,81,23,2.0,Middle East-North Africa,142.0,1.6120856,Low,0.07348647,4.377708,2.6221166,0.0027474433,92.693802,0.11803728,0.11210346,Muslims,4,4,5,5,2
Saudi Arabia,2016,120,20,2.0,Middle East-North Africa,142.0,1.6120856,Low,0.07348647,4.377708,2.6221166,0.0027474433,92.693802,0.11803728,0.11210346,Muslims,4,4,5,5,2
Saudi Arabia,2017,45,2,2.0,Middle East-North Africa,142.0,1.6120856,Low,0.07348647,4.377708,2.6221166,0.0027474433,92.693802,0.11803728,0.11210346,Muslims,4,4,5,5,2
Saudi Arabia,2018,11,6,2.0,Middle East-North Africa,142.0,1.6120856,Low,0.07348647,4.377708,2.6221166,0.0027474433,92.693802,0.11803728,0.11210346,Muslims,4,4,5,5,2
Saudi Arabia,2019,5,0,2.0,Middle East-North Africa,142.0,1.6120856,Low,0.07348647,4.377708,2.6221166,0.0027474433,92.693802,0.11803728,0.11210346,Muslims,4,4,5,5,2
Saudi Arabia,2020,0,0,2.0,Middle East-North Africa,142.0,1.6120856,Low,0.07348647,4.377708,2.6221166,0.0027474433,92.693802,0.11803728,0.11210346,Muslims,4,4,5,5,2
Saudi Arabia,2021,6,5,2.0,Middle East-North Africa,142.0,1.6120856,Low,0.07348647,4.377708,2.6221166,0.0027474433,92.693802,0.11803728,0.11210346,Muslims,4,4,5,5,2
Saudi Arabia,2023,9,0,2.0,Middle East-North Africa,142.0,1.6120856,Low,0.07348647,4.377708,2.6221166,0.0027474433,92.693802,0.11803728,0.11210346,Muslims,4,4,5,5,2
Senegal,1990,58,0,0.0,Sub-Saharan Africa,173.0,0.55645049,Very low,0.00030420805,2.4033866,0.0,0.00030420805,97.556473,0.018828791,0.020703293,Muslims,4,4,5,5,2
Senegal,1992,76,0,0.0,Sub-Saharan Africa,173.0,0.55645049,Very low,0.00030420805,2.4033866,0.0,0.00030420805,97.556473,0.018828791,0.020703293,Muslims,4,4,5,5,2
Senegal,1993,233,27,0.0,Sub-Saharan Africa,173.0,0.55645049,Very low,0.00030420805,2.4033866,0.0,0.00030420805,97.556473,0.018828791,0.020703293,Muslims,4,4,5,5,2
Senegal,1995,299,0,0.0,Sub-Saharan Africa,173.0,0.55645049,Very low,0.00030420805,2.4033866,0.0,0.00030420805,97.556473,0.018828791,0.020703293,Muslims,4,4,5,5,2
Senegal,1996,3,0,0.0,Sub-Saharan Africa,173.0,0.55645049,Very low,0.00030420805,2.4033866,0.0,0.00030420805,97.556473,0.018828791,0.020703293,Muslims,4,4,5,5,2
Senegal,1997,319,19,0.0,Sub-Saharan Africa,173.0,0.55645049,Very low,0.00030420805,2.4033866,0.0,0.00030420805,97.556473,0.018828791,0.020703293,Muslims,4,4,5,5,2
Senegal,1998,242,13,0.0,Sub-Saharan Africa,173.0,0.55645049,Very low,0.00030420805,2.4033866,0.0,0.00030420805,97.556473,0.018828791,0.020703293,Muslims,4,4,5,5,2
Senegal,1999,23,6,0.0,Sub-Saharan Africa,173.0,0.55645049,Very low,0.00030420805,2.4033866,0.0,0.00030420805,97.556473,0.018828791,0.020703293,Muslims,4,4,5,5,2
Senegal,2000,47,11,0.0,Sub-Saharan Africa,173.0,0.55645049,Very low,0.00030420805,2.4033866,0.0,0.00030420805,97.556473,0.018828791,0.020703293,Muslims,4,4,5,5,2
Senegal,2001,33,7,0.0,Sub-Saharan Africa,173.0,0.55645049,Very low,0.00030420805,2.4033866,0.0,0.00030420805,97.556473,0.018828791,0.020703293,Muslims,4,4,5,5,2
Senegal,2002,20,11,0.0,Sub-Saharan Africa,173.0,0.55645049,Very low,0.00030420805,2.4033866,0.0,0.00030420805,97.556473,0.018828791,0.020703293,Muslims,4,4,5,5,2
Senegal,2003,39,0,0.0,Sub-Saharan Africa,173.0,0.55645049,Very low,0.00030420805,2.4033866,0.0,0.00030420805,97.556473,0.018828791,0.020703293,Muslims,4,4,5,5,2
Senegal,2004,3,0,0.0,Sub-Saharan Africa,173.0,0.55645049,Very low,0.00030420805,2.4033866,0.0,0.00030420805,97.556473,0.018828791,0.020703293,Muslims,4,4,5,5,2
Senegal,2005,1,0,0.0,Sub-Saharan Africa,173.0,0.55645049,Very low,0.00030420805,2.4033866,0.0,0.00030420805,97.556473,0.018828791,0.020703293,Muslims,4,4,5,5,2
Senegal,2006,2,1,0.0,Sub-Saharan Africa,173.0,0.55645049,Very low,0.00030420805,2.4033866,0.0,0.00030420805,97.556473,0.018828791,0.020703293,Muslims,4,4,5,5,2
Senegal,2008,11,2,0.0,Sub-Saharan Africa,173.0,0.55645049,Very low,0.00030420805,2.4033866,0.0,0.00030420805,97.556473,0.018828791,0.020703293,Muslims,4,4,5,5,2
Senegal,2009,10,0,0.0,Sub-Saharan Africa,173.0,0.55645049,Very low,0.00030420805,2.4033866,0.0,0.00030420805,97.556473,0.018828791,0.020703293,Muslims,4,4,5,5,2
Senegal,2010,16,0,0.0,Sub-Saharan Africa,173.0,0.55645049,Very low,0.00030420805,2.4033866,0.0,0.00030420805,97.556473,0.018828791,0.020703293,Muslims,4,4,5,5,2
Senegal,2011,25,0,0.0,Sub-Saharan Africa,173.0,0.55645049,Very low,0.00030420805,2.4033866,0.0,0.00030420805,97.556473,0.018828791,0.020703293,Muslims,4,4,5,5,2
Senegal,2012,19,0,0.0,Sub-Saharan Africa,173.0,0.55645049,Very low,0.00030420805,2.4033866,0.0,0.00030420805,97.556473,0.018828791,0.020703293,Muslims,4,4,5,5,2
Senegal,2013,8,3,0.0,Sub-Saharan Africa,173.0,0.55645049,Very low,0.00030420805,2.4033866,0.0,0.00030420805,97.556473,0.018828791,0.020703293,Muslims,4,4,5,5,2
Senegal,2020,0,0,0.0,Sub-Saharan Africa,173.0,0.55645049,Very low,0.00030420805,2.4033866,0.0,0.00030420805,97.556473,0.018828791,0.020703293,Muslims,4,4,5,5,2
Senegal,2021,0,0,0.0,Sub-Saharan Africa,173.0,0.55645049,Very low,0.00030420805,2.4033866,0.0,0.00030420805,97.556473,0.018828791,0.020703293,Muslims,4,4,5,5,2
Serbia (Yugoslavia),1991,3022,149,0.0,Europe,136.0,1.8499157,Low,0.014541986,91.535507,0.0035335671,0.0095665008,4.4200506,0.0079284115,4.0088696,Christians,4,4,3,3,3
Serbia (Yugoslavia),1992,207,21,0.0,Europe,136.0,1.8499157,Low,0.014541986,91.535507,0.0035335671,0.0095665008,4.4200506,0.0079284115,4.0088696,Christians,4,4,3,3,3
Serbia (Yugoslavia),1996,2,0,0.0,Europe,136.0,1.8499157,Low,0.014541986,91.535507,0.0035335671,0.0095665008,4.4200506,0.0079284115,4.0088696,Christians,4,4,3,3,3
Serbia (Yugoslavia),1997,7,0,0.0,Europe,136.0,1.8499157,Low,0.014541986,91.535507,0.0035335671,0.0095665008,4.4200506,0.0079284115,4.0088696,Christians,4,4,3,3,3
Serbia (Yugoslavia),1998,1235,75,0.0,Europe,136.0,1.8499157,Low,0.014541986,91.535507,0.0035335671,0.0095665008,4.4200506,0.0079284115,4.0088696,Christians,4,4,3,3,3
Serbia (Yugoslavia),1999,1378,511,0.0,Europe,136.0,1.8499157,Low,0.014541986,91.535507,0.0035335671,0.0095665008,4.4200506,0.0079284115,4.0088696,Christians,4,4,3,3,3
Serbia (Yugoslavia),2001,0,0,0.0,Europe,136.0,1.8499157,Low,0.014541986,91.535507,0.0035335671,0.0095665008,4.4200506,0.0079284115,4.0088696,Christians,4,4,3,3,3
Sierra Leone,1991,552,36,0.0,Sub-Saharan Africa,85.0,3.7138672,Moderate,0.0,19.829313,0.0097158477,0.0,80.146637,0.0022957984,0.012038952,Muslims,4,4,5,5,2
Sierra Leone,1992,218,17,0.0,Sub-Saharan Africa,85.0,3.7138672,Moderate,0.0,19.829313,0.0097158477,0.0,80.146637,0.0022957984,0.012038952,Muslims,4,4,5,5,2
Sierra Leone,1993,410,7,0.0,Sub-Saharan Africa,85.0,3.7138672,Moderate,0.0,19.829313,0.0097158477,0.0,80.146637,0.0022957984,0.012038952,Muslims,4,4,5,5,2
Sierra Leone,1994,628,88,0.0,Sub-Saharan Africa,85.0,3.7138672,Moderate,0.0,19.829313,0.0097158477,0.0,80.146637,0.0022957984,0.012038952,Muslims,4,4,5,5,2
Sierra Leone,1995,1472,169,0.0,Sub-Saharan Africa,85.0,3.7138672,Moderate,0.0,19.829313,0.0097158477,0.0,80.146637,0.0022957984,0.012038952,Muslims,4,4,5,5,2
Sierra Leone,1996,570,45,0.0,Sub-Saharan Africa,85.0,3.7138672,Moderate,0.0,19.829313,0.0097158477,0.0,80.146637,0.0022957984,0.012038952,Muslims,4,4,5,5,2
Sierra Leone,1997,748,131,0.0,Sub-Saharan Africa,85.0,3.7138672,Moderate,0.0,19.829313,0.0097158477,0.0,80.146637,0.0022957984,0.012038952,Muslims,4,4,5,5,2
Sierra Leone,1998,3287,64,0.0,Sub-Saharan Africa,85.0,3.7138672,Moderate,0.0,19.829313,0.0097158477,0.0,80.146637,0.0022957984,0.012038952,Muslims,4,4,5,5,2
Sierra Leone,1999,3153,194,0.0,Sub-Saharan Africa,85.0,3.7138672,Moderate,0.0,19.829313,0.0097158477,0.0,80.146637,0.0022957984,0.012038952,Muslims,4,4,5,5,2
Sierra Leone,2000,382,72,0.0,Sub-Saharan Africa,85.0,3.7138672,Moderate,0.0,19.829313,0.0097158477,0.0,80.146637,0.0022957984,0.012038952,Muslims,4,4,5,5,2
Sierra Leone,2001,50,0,0.0,Sub-Saharan Africa,85.0,3.7138672,Moderate,0.0,19.829313,0.0097158477,0.0,80.146637,0.0022957984,0.012038952,Muslims,4,4,5,5,2
Solomon Islands,1992,2,2,0.0,Asia-Pacific,159.0,1.1138209,Low,0.33987489,95.022377,0.0072338958,0.0,0.33987489,3.9631228,0.32751581,Christians,4,4,3,3,3
Somalia,1989,373,0,0.0,Sub-Saharan Africa,199.0,0.038829744,Very low,0.0,0.026225023,0.039998192,0.0,99.833397,0.08425606,0.016120082,Muslims,4,4,5,5,2
Somalia,1990,2650,501,0.0,Sub-Saharan Africa,199.0,0.038829744,Very low,0.0,0.026225023,0.039998192,0.0,99.833397,0.08425606,0.016120082,Muslims,4,4,5,5,2
Somalia,1991,8005,500,0.0,Sub-Saharan Africa,199.0,0.038829744,Very low,0.0,0.026225023,0.039998192,0.0,99.833397,0.08425606,0.016120082,Muslims,4,4,5,5,2
Somalia,1992,1154,14,0.0,Sub-Saharan Africa,199.0,0.038829744,Very low,0.0,0.026225023,0.039998192,0.0,99.833397,0.08425606,0.016120082,Muslims,4,4,5,5,2
Somalia,1993,25,1,0.0,Sub-Saharan Africa,199.0,0.038829744,Very low,0.0,0.026225023,0.039998192,0.0,99.833397,0.08425606,0.016120082,Muslims,4,4,5,5,2
Somalia,1994,237,9,0.0,Sub-Saharan Africa,199.0,0.038829744,Very low,0.0,0.026225023,0.039998192,0.0,99.833397,0.08425606,0.016120082,Muslims,4,4,5,5,2
Somalia,1995,104,8,0.0,Sub-Saharan Africa,199.0,0.038829744,Very low,0.0,0.026225023,0.039998192,0.0,99.833397,0.08425606,0.016120082,Muslims,4,4,5,5,2
Somalia,1996,440,136,0.0,Sub-Saharan Africa,199.0,0.038829744,Very low,0.0,0.026225023,0.039998192,0.0,99.833397,0.08425606,0.016120082,Muslims,4,4,5,5,2
Somalia,1999,0,0,0.0,Sub-Saharan Africa,199.0,0.038829744,Very low,0.0,0.026225023,0.039998192,0.0,99.833397,0.08425606,0.016120082,Muslims,4,4,5,5,2
Somalia,2001,228,51,0.0,Sub-Saharan Africa,199.0,0.038829744,Very low,0.0,0.026225023,0.039998192,0.0,99.833397,0.08425606,0.016120082,Muslims,4,4,5,5,2
Somalia,2002,114,11,0.0,Sub-Saharan Africa,199.0,0.038829744,Very low,0.0,0.026225023,0.039998192,0.0,99.833397,0.08425606,0.016120082,Muslims,4,4,5,5,2
Somalia,2004,0,0,0.0,Sub-Saharan Africa,199.0,0.038829744,Very low,0.0,0.026225023,0.039998192,0.0,99.833397,0.08425606,0.016120082,Muslims,4,4,5,5,2
Somalia,2006,547,5,0.0,Sub-Saharan Africa,199.0,0.038829744,Very low,0.0,0.026225023,0.039998192,0.0,99.833397,0.08425606,0.016120082,Muslims,4,4,5,5,2
Somalia,2007,1575,438,0.0,Sub-Saharan Africa,199.0,0.038829744,Very low,0.0,0.026225023,0.039998192,0.0,99.833397,0.08425606,0.016120082,Muslims,4,4,5,5,2
Somalia,2008,1521,538,0.0,Sub-Saharan Africa,199.0,0.038829744,Very low,0.0,0.026225023,0.039998192,0.0,99.833397,0.08425606,0.016120082,Muslims,4,4,5,5,2
Somalia,2009,1490,537,0.0,Sub-Saharan Africa,199.0,0.038829744,Very low,0.0,0.026225023,0.039998192,0.0,99.833397,0.08425606,0.016120082,Muslims,4,4,5,5,2
Somalia,2010,2150,402,0.0,Sub-Saharan Africa,199.0,0.038829744,Very low,0.0,0.026225023,0.039998192,0.0,99.833397,0.08425606,0.016120082,Muslims,4,4,5,5,2
Somalia,2011,1937,295,0.0,Sub-Saharan Africa,199.0,0.038829744,Very low,0.0,0.026225023,0.039998192,0.0,99.833397,0.08425606,0.016120082,Muslims,4,4,5,5,2
Somalia,2012,2624,183,0.0,Sub-Saharan Africa,199.0,0.038829744,Very low,0.0,0.026225023,0.039998192,0.0,99.833397,0.08425606,0.016120082,Muslims,4,4,5,5,2
Somalia,2013,913,131,0.0,Sub-Saharan Africa,199.0,0.038829744,Very low,0.0,0.026225023,0.039998192,0.0,99.833397,0.08425606,0.016120082,Muslims,4,4,5,5,2
Somalia,2014,1111,93,0.0,Sub-Saharan Africa,199.0,0.038829744,Very low,0.0,0.026225023,0.039998192,0.0,99.833397,0.08425606,0.016120082,Muslims,4,4,5,5,2
Somalia,2015,1201,122,0.0,Sub-Saharan Africa,199.0,0.038829744,Very low,0.0,0.026225023,0.039998192,0.0,99.833397,0.08425606,0.016120082,Muslims,4,4,5,5,2
Somalia,2016,1943,229,0.0,Sub-Saharan Africa,199.0,0.038829744,Very low,0.0,0.026225023,0.039998192,0.0,99.833397,0.08425606,0.016120082,Muslims,4,4,5,5,2
Somalia,2017,1918,153,0.0,Sub-Saharan Africa,199.0,0.038829744,Very low,0.0,0.026225023,0.039998192,0.0,99.833397,0.08425606,0.016120082,Muslims,4,4,5,5,2
Somalia,2018,2213,163,0.0,Sub-Saharan Africa,199.0,0.038829744,Very low,0.0,0.026225023,0.039998192,0.0,99.833397,0.08425606,0.016120082,Muslims,4,4,5,5,2
Somalia,2019,1946,187,0.0,Sub-Saharan Africa,199.0,0.038829744,Very low,0.0,0.026225023,0.039998192,0.0,99.833397,0.08425606,0.016120082,Muslims,4,4,5,5,2
Somalia,2020,1945,156,0.0,Sub-Saharan Africa,199.0,0.038829744,Very low,0.0,0.026225023,0.039998192,0.0,99.833397,0.08425606,0.016120082,Muslims,4,4,5,5,2
Somalia,2021,2174,167,0.0,Sub-Saharan Africa,199.0,0.038829744,Very low,0.0,0.026225023,0.039998192,0.0,99.833397,0.08425606,0.016120082,Muslims,4,4,5,5,2
Somalia,2022,3040,126,0.0,Sub-Saharan Africa,199.0,0.038829744,Very low,0.0,0.026225023,0.039998192,0.0,99.833397,0.08425606,0.016120082,Muslims,4,4,5,5,2
Somalia,2023,3862,85,0.0,Sub-Saharan Africa,199.0,0.038829744,Very low,0.0,0.026225023,0.039998192,0.0,99.833397,0.08425606,0.016120082,Muslims,4,4,5,5,2
Somalia,2024,2291,364,0.0,Sub-Saharan Africa,199.0,0.038829744,Very low,0.0,0.026225023,0.039998192,0.0,99.833397,0.08425606,0.016120082,Muslims,4,4,5,5,2
South Africa,1989,361,27,0.0,Sub-Saharan Africa,95.0,3.0793407,Moderate,0.035529964,85.257118,1.0650073,0.065178007,1.6048826,8.8501711,3.1221101,Christians,4,4,3,3,3
South Sudan,2011,220,32,0.0,Sub-Saharan Africa,28.0,6.0932326,High,0.0022691276,60.501648,0.0020011205,0.0,6.223002,32.830784,0.44030011,Christians,4,4,3,3,3
South Sudan,2012,137,0,0.0,Sub-Saharan Africa,28.0,6.0932326,High,0.0022691276,60.501648,0.0020011205,0.0,6.223002,32.830784,0.44030011,Christians,4,4,3,3,3
South Sudan,2013,926,144,0.0,Sub-Saharan Africa,28.0,6.0932326,High,0.0022691276,60.501648,0.0020011205,0.0,6.223002,32.830784,0.44030011,Christians,4,4,3,3,3
South Sudan,2014,1674,112,0.0,Sub-Saharan Africa,28.0,6.0932326,High,0.0022691276,60.501648,0.0020011205,0.0,6.223002,32.830784,0.44030011,Christians,4,4,3,3,3
South Sudan,2015,493,97,0.0,Sub-Saharan Africa,28.0,6.0932326,High,0.0022691276,60.501648,0.0020011205,0.0,6.223002,32.830784,0.44030011,Christians,4,4,3,3,3
South Sudan,2016,735,124,0.0,Sub-Saharan Africa,28.0,6.0932326,High,0.0022691276,60.501648,0.0020011205,0.0,6.223002,32.830784,0.44030011,Christians,4,4,3,3,3
South Sudan,2017,484,118,0.0,Sub-Saharan Africa,28.0,6.0932326,High,0.0022691276,60.501648,0.0020011205,0.0,6.223002,32.830784,0.44030011,Christians,4,4,3,3,3
South Sudan,2018,543,222,0.0,Sub-Saharan Africa,28.0,6.0932326,High,0.0022691276,60.501648,0.0020011205,0.0,6.223002,32.830784,0.44030011,Christians,4,4,3,3,3
South Sudan,2019,115,38,0.0,Sub-Saharan Africa,28.0,6.0932326,High,0.0022691276,60.501648,0.0020011205,0.0,6.223002,32.830784,0.44030011,Christians,4,4,3,3,3
South Sudan,2020,64,14,0.0,Sub-Saharan Africa,28.0,6.0932326,High,0.0022691276,60.501648,0.0020011205,0.0,6.223002,32.830784,0.44030011,Christians,4,4,3,3,3
South Sudan,2021,188,4,0.0,Sub-Saharan Africa,28.0,6.0932326,High,0.0022691276,60.501648,0.0020011205,0.0,6.223002,32.830784,0.44030011,Christians,4,4,3,3,3
South Sudan,2022,23,20,0.0,Sub-Saharan Africa,28.0,6.0932326,High,0.0022691276,60.501648,0.0020011205,0.0,6.223002,32.830784,0.44030011,Christians,4,4,3,3,3
South Sudan,2023,2,0,0.0,Sub-Saharan Africa,28.0,6.0932326,High,0.0022691276,60.501648,0.0020011205,0.0,6.223002,32.830784,0.44030011,Christians,4,4,3,3,3
South Sudan,2024,25,4,0.0,Sub-Saharan Africa,28.0,6.0932326,High,0.0022691276,60.501648,0.0020011205,0.0,6.223002,32.830784,0.44030011,Christians,4,4,3,3,3
Spain,1989,17,1,0.0,Europe,53.0,5.2125864,Moderate,0.01773273,69.456764,0.12520808,0.027235987,3.5752523,0.4380669,26.359743,Christians,4,4,3,3,3
Spain,1990,19,3,0.0,Europe,53.0,5.2125864,Moderate,0.01773273,69.456764,0.12520808,0.027235987,3.5752523,0.4380669,26.359743,Christians,4,4,3,3,3
Spain,1991,45,10,0.0,Europe,53.0,5.2125864,Moderate,0.01773273,69.456764,0.12520808,0.027235987,3.5752523,0.4380669,26.359743,Christians,4,4,3,3,3
Spain,1992,23,3,0.0,Europe,53.0,5.2125864,Moderate,0.01773273,69.456764,0.12520808,0.027235987,3.5752523,0.4380669,26.359743,Christians,4,4,3,3,3
Spain,1993,12,1,0.0,Europe,53.0,5.2125864,Moderate,0.01773273,69.456764,0.12520808,0.027235987,3.5752523,0.4380669,26.359743,Christians,4,4,3,3,3
Spain,1994,11,3,0.0,Europe,53.0,5.2125864,Moderate,0.01773273,69.456764,0.12520808,0.027235987,3.5752523,0.4380669,26.359743,Christians,4,4,3,3,3
Spain,1995,13,0,0.0,Europe,53.0,5.2125864,Moderate,0.01773273,69.456764,0.12520808,0.027235987,3.5752523,0.4380669,26.359743,Christians,4,4,3,3,3
Spain,1996,4,0,0.0,Europe,53.0,5.2125864,Moderate,0.01773273,69.456764,0.12520808,0.027235987,3.5752523,0.4380669,26.359743,Christians,4,4,3,3,3
Spain,1997,12,0,0.0,Europe,53.0,5.2125864,Moderate,0.01773273,69.456764,0.12520808,0.027235987,3.5752523,0.4380669,26.359743,Christians,4,4,3,3,3
Spain,1998,7,1,0.0,Europe,53.0,5.2125864,Moderate,0.01773273,69.456764,0.12520808,0.027235987,3.5752523,0.4380669,26.359743,Christians,4,4,3,3,3
Spain,2000,20,2,0.0,Europe,53.0,5.2125864,Moderate,0.01773273,69.456764,0.12520808,0.027235987,3.5752523,0.4380669,26.359743,Christians,4,4,3,3,3
Spain,2001,13,0,0.0,Europe,53.0,5.2125864,Moderate,0.01773273,69.456764,0.12520808,0.027235987,3.5752523,0.4380669,26.359743,Christians,4,4,3,3,3
Spain,2002,5,2,0.0,Europe,53.0,5.2125864,Moderate,0.01773273,69.456764,0.12520808,0.027235987,3.5752523,0.4380669,26.359743,Christians,4,4,3,3,3
Spain,2003,3,0,0.0,Europe,53.0,5.2125864,Moderate,0.01773273,69.456764,0.12520808,0.027235987,3.5752523,0.4380669,26.359743,Christians,4,4,3,3,3
Spain,2008,2,0,0.0,Europe,53.0,5.2125864,Moderate,0.01773273,69.456764,0.12520808,0.027235987,3.5752523,0.4380669,26.359743,Christians,4,4,3,3,3
Spain,2009,3,0,0.0,Europe,53.0,5.2125864,Moderate,0.01773273,69.456764,0.12520808,0.027235987,3.5752523,0.4380669,26.359743,Christians,4,4,3,3,3
Sri Lanka,1989,533,33,0.0,Asia-Pacific,39.0,5.6107774,High,69.599945,5.5903573,14.534928,0.00027630568,10.202401,0.0022104455,0.069881201,Buddhists,2,2,3,2,4
Sri Lanka,1990,3630,33,0.0,Asia-Pacific,39.0,5.6107774,High,69.599945,5.5903573,14.534928,0.00027630568,10.202401,0.0022104455,0.069881201,Buddhists,2,2,3,2,4
Sri Lanka,1991,6432,40,0.0,Asia-Pacific,39.0,5.6107774,High,69.599945,5.5903573,14.534928,0.00027630568,10.202401,0.0022104455,0.069881201,Buddhists,2,2,3,2,4
Sri Lanka,1992,4091,28,0.0,Asia-Pacific,39.0,5.6107774,High,69.599945,5.5903573,14.534928,0.00027630568,10.202401,0.0022104455,0.069881201,Buddhists,2,2,3,2,4
Sri Lanka,1993,2075,120,0.0,Asia-Pacific,39.0,5.6107774,High,69.599945,5.5903573,14.534928,0.00027630568,10.202401,0.0022104455,0.069881201,Buddhists,2,2,3,2,4
Sri Lanka,1994,657,7,0.0,Asia-Pacific,39.0,5.6107774,High,69.599945,5.5903573,14.534928,0.00027630568,10.202401,0.0022104455,0.069881201,Buddhists,2,2,3,2,4
Sri Lanka,1995,4755,124,0.0,Asia-Pacific,39.0,5.6107774,High,69.599945,5.5903573,14.534928,0.00027630568,10.202401,0.0022104455,0.069881201,Buddhists,2,2,3,2,4
Sri Lanka,1996,3868,28,0.0,Asia-Pacific,39.0,5.6107774,High,69.599945,5.5903573,14.534928,0.00027630568,10.202401,0.0022104455,0.069881201,Buddhists,2,2,3,2,4
Sri Lanka,1997,2880,32,0.0,Asia-Pacific,39.0,5.6107774,High,69.599945,5.5903573,14.534928,0.00027630568,10.202401,0.0022104455,0.069881201,Buddhists,2,2,3,2,4
Sri Lanka,1998,3762,49,0.0,Asia-Pacific,39.0,5.6107774,High,69.599945,5.5903573,14.534928,0.00027630568,10.202401,0.0022104455,0.069881201,Buddhists,2,2,3,2,4
Sri Lanka,1999,1882,6,0.0,Asia-Pacific,39.0,5.6107774,High,69.599945,5.5903573,14.534928,0.00027630568,10.202401,0.0022104455,0.069881201,Buddhists,2,2,3,2,4
Sri Lanka,2000,2525,25,0.0,Asia-Pacific,39.0,5.6107774,High,69.599945,5.5903573,14.534928,0.00027630568,10.202401,0.0022104455,0.069881201,Buddhists,2,2,3,2,4
Sri Lanka,2001,1144,27,0.0,Asia-Pacific,39.0,5.6107774,High,69.599945,5.5903573,14.534928,0.00027630568,10.202401,0.0022104455,0.069881201,Buddhists,2,2,3,2,4
Sri Lanka,2002,6,2,0.0,Asia-Pacific,39.0,5.6107774,High,69.599945,5.5903573,14.534928,0.00027630568,10.202401,0.0022104455,0.069881201,Buddhists,2,2,3,2,4
Sri Lanka,2003,29,0,0.0,Asia-Pacific,39.0,5.6107774,High,69.599945,5.5903573,14.534928,0.00027630568,10.202401,0.0022104455,0.069881201,Buddhists,2,2,3,2,4
Sri Lanka,2004,17,0,0.0,Asia-Pacific,39.0,5.6107774,High,69.599945,5.5903573,14.534928,0.00027630568,10.202401,0.0022104455,0.069881201,Buddhists,2,2,3,2,4
Sri Lanka,2005,88,1,0.0,Asia-Pacific,39.0,5.6107774,High,69.599945,5.5903573,14.534928,0.00027630568,10.202401,0.0022104455,0.069881201,Buddhists,2,2,3,2,4
Sri Lanka,2006,1970,260,0.0,Asia-Pacific,39.0,5.6107774,High,69.599945,5.5903573,14.534928,0.00027630568,10.202401,0.0022104455,0.069881201,Buddhists,2,2,3,2,4
Sri Lanka,2007,2494,43,0.0,Asia-Pacific,39.0,5.6107774,High,69.599945,5.5903573,14.534928,0.00027630568,10.202401,0.0022104455,0.069881201,Buddhists,2,2,3,2,4
Sri Lanka,2008,8262,64,0.0,Asia-Pacific,39.0,5.6107774,High,69.599945,5.5903573,14.534928,0.00027630568,10.202401,0.0022104455,0.069881201,Buddhists,2,2,3,2,4
Sri Lanka,2009,10165,6591,0.0,Asia-Pacific,39.0,5.6107774,High,69.599945,5.5903573,14.534928,0.00027630568,10.202401,0.0022104455,0.069881201,Buddhists,2,2,3,2,4
Sudan,1989,4515,43,2.0,Middle East-North Africa,186.0,0.26486129,Very low,0.0,0.48797816,0.0012376102,0.0,98.855515,0.092053778,0.56321257,Muslims,4,4,5,5,2
Sudan,1990,5030,23,2.0,Middle East-North Africa,186.0,0.26486129,Very low,0.0,0.48797816,0.0012376102,0.0,98.855515,0.092053778,0.56321257,Muslims,4,4,5,5,2
Sudan,1991,1313,54,2.0,Middle East-North Africa,186.0,0.26486129,Very low,0.0,0.48797816,0.0012376102,0.0,98.855515,0.092053778,0.56321257,Muslims,4,4,5,5,2
Sudan,1992,1083,47,2.0,Middle East-North Africa,186.0,0.26486129,Very low,0.0,0.48797816,0.0012376102,0.0,98.855515,0.092053778,0.56321257,Muslims,4,4,5,5,2
Sudan,1993,942,47,2.0,Middle East-North Africa,186.0,0.26486129,Very low,0.0,0.48797816,0.0012376102,0.0,98.855515,0.092053778,0.56321257,Muslims,4,4,5,5,2
Sudan,1994,337,5,2.0,Middle East-North Africa,186.0,0.26486129,Very low,0.0,0.48797816,0.0012376102,0.0,98.855515,0.092053778,0.56321257,Muslims,4,4,5,5,2
Sudan,1995,1036,8,2.0,Middle East-North Africa,186.0,0.26486129,Very low,0.0,0.48797816,0.0012376102,0.0,98.855515,0.092053778,0.56321257,Muslims,4,4,5,5,2
Sudan,1996,2289,2,2.0,Middle East-North Africa,186.0,0.26486129,Very low,0.0,0.48797816,0.0012376102,0.0,98.855515,0.092053778,0.56321257,Muslims,4,4,5,5,2
Sudan,1997,3859,1,2.0,Middle East-North Africa,186.0,0.26486129,Very low,0.0,0.48797816,0.0012376102,0.0,98.855515,0.092053778,0.56321257,Muslims,4,4,5,5,2
Sudan,1998,4891,884,2.0,Middle East-North Africa,186.0,0.26486129,Very low,0.0,0.48797816,0.0012376102,0.0,98.855515,0.092053778,0.56321257,Muslims,4,4,5,5,2
Sudan,1999,1408,14,2.0,Middle East-North Africa,186.0,0.26486129,Very low,0.0,0.48797816,0.0012376102,0.0,98.855515,0.092053778,0.56321257,Muslims,4,4,5,5,2
Sudan,2000,2841,74,2.0,Middle East-North Africa,186.0,0.26486129,Very low,0.0,0.48797816,0.0012376102,0.0,98.855515,0.092053778,0.56321257,Muslims,4,4,5,5,2
Sudan,2001,3457,21,2.0,Middle East-North Africa,186.0,0.26486129,Very low,0.0,0.48797816,0.0012376102,0.0,98.855515,0.092053778,0.56321257,Muslims,4,4,5,5,2
Sudan,2002,2312,63,2.0,Middle East-North Africa,186.0,0.26486129,Very low,0.0,0.48797816,0.0012376102,0.0,98.855515,0.092053778,0.56321257,Muslims,4,4,5,5,2
Sudan,2003,2008,82,2.0,Middle East-North Africa,186.0,0.26486129,Very low,0.0,0.48797816,0.0012376102,0.0,98.855515,0.092053778,0.56321257,Muslims,4,4,5,5,2
Sudan,2004,3671,254,2.0,Middle East-North Africa,186.0,0.26486129,Very low,0.0,0.48797816,0.0012376102,0.0,98.855515,0.092053778,0.56321257,Muslims,4,4,5,5,2
Sudan,2005,246,36,2.0,Middle East-North Africa,186.0,0.26486129,Very low,0.0,0.48797816,0.0012376102,0.0,98.855515,0.092053778,0.56321257,Muslims,4,4,5,5,2
Sudan,2006,1030,115,2.0,Middle East-North Africa,186.0,0.26486129,Very low,0.0,0.48797816,0.0012376102,0.0,98.855515,0.092053778,0.56321257,Muslims,4,4,5,5,2
Sudan,2007,242,21,2.0,Middle East-North Africa,186.0,0.26486129,Very low,0.0,0.48797816,0.0012376102,0.0,98.855515,0.092053778,0.56321257,Muslims,4,4,5,5,2
Sudan,2008,620,118,2.0,Middle East-North Africa,186.0,0.26486129,Very low,0.0,0.48797816,0.0012376102,0.0,98.855515,0.092053778,0.56321257,Muslims,4,4,5,5,2
Sudan,2009,373,52,2.0,Middle East-North Africa,186.0,0.26486129,Very low,0.0,0.48797816,0.0012376102,0.0,98.855515,0.092053778,0.56321257,Muslims,4,4,5,5,2
Sudan,2010,1056,182,2.0,Middle East-North Africa,186.0,0.26486129,Very low,0.0,0.48797816,0.0012376102,0.0,98.855515,0.092053778,0.56321257,Muslims,4,4,5,5,2
Sudan,2011,1404,546,2.0,Middle East-North Africa,186.0,0.26486129,Very low,0.0,0.48797816,0.0012376102,0.0,98.855515,0.092053778,0.56321257,Muslims,4,4,5,5,2
Sudan,2012,1173,214,2.0,Middle East-North Africa,186.0,0.26486129,Very low,0.0,0.48797816,0.0012376102,0.0,98.855515,0.092053778,0.56321257,Muslims,4,4,5,5,2
Sudan,2013,597,63,2.0,Middle East-North Africa,186.0,0.26486129,Very low,0.0,0.48797816,0.0012376102,0.0,98.855515,0.092053778,0.56321257,Muslims,4,4,5,5,2
Sudan,2014,849,197,2.0,Middle East-North Africa,186.0,0.26486129,Very low,0.0,0.48797816,0.0012376102,0.0,98.855515,0.092053778,0.56321257,Muslims,4,4,5,5,2
Sudan,2015,1264,219,2.0,Middle East-North Africa,186.0,0.26486129,Very low,0.0,0.48797816,0.0012376102,0.0,98.855515,0.092053778,0.56321257,Muslims,4,4,5,5,2
Sudan,2016,1316,341,2.0,Middle East-North Africa,186.0,0.26486129,Very low,0.0,0.48797816,0.0012376102,0.0,98.855515,0.092053778,0.56321257,Muslims,4,4,5,5,2
Sudan,2017,166,5,2.0,Middle East-North Africa,186.0,0.26486129,Very low,0.0,0.48797816,0.0012376102,0.0,98.855515,0.092053778,0.56321257,Muslims,4,4,5,5,2
Sudan,2018,254,56,2.0,Middle East-North Africa,186.0,0.26486129,Very low,0.0,0.48797816,0.0012376102,0.0,98.855515,0.092053778,0.56321257,Muslims,4,4,5,5,2
Sudan,2019,23,0,2.0,Middle East-North Africa,186.0,0.26486129,Very low,0.0,0.48797816,0.0012376102,0.0,98.855515,0.092053778,0.56321257,Muslims,4,4,5,5,2
Sudan,2020,48,4,2.0,Middle East-North Africa,186.0,0.26486129,Very low,0.0,0.48797816,0.0012376102,0.0,98.855515,0.092053778,0.56321257,Muslims,4,4,5,5,2
Sudan,2021,31,17,2.0,Middle East-North Africa,186.0,0.26486129,Very low,0.0,0.48797816,0.0012376102,0.0,98.855515,0.092053778,0.56321257,Muslims,4,4,5,5,2
Sudan,2022,54,0,2.0,Middle East-North Africa,186.0,0.26486129,Very low,0.0,0.48797816,0.0012376102,0.0,98.855515,0.092053778,0.56321257,Muslims,4,4,5,5,2
Sudan,2023,5353,1342,2.0,Middle East-North Africa,186.0,0.26486129,Very low,0.0,0.48797816,0.0012376102,0.0,98.855515,0.092053778,0.56321257,Muslims,4,4,5,5,2
Sudan,2024,4680,1956,2.0,Middle East-North Africa,186.0,0.26486129,Very low,0.0,0.48797816,0.0012376102,0.0,98.855515,0.092053778,0.56321257,Muslims,4,4,5,5,2
Syria,2004,1,0,0.0,Middle East-North Africa,151.0,1.299776,Low,0.0,3.8407471,0.0099996245,0.000559979,94.165993,0.002657043,1.9800457,Muslims,4,4,5,5,2
Syria,2008,1,0,0.0,Middle East-North Africa,151.0,1.299776,Low,0.0,3.8407471,0.0099996245,0.000559979,94.165993,0.002657043,1.9800457,Muslims,4,4,5,5,2
Syria,2011,1206,277,0.0,Middle East-North Africa,151.0,1.299776,Low,0.0,3.8407471,0.0099996245,0.000559979,94.165993,0.002657043,1.9800457,Muslims,4,4,5,5,2
Syria,2012,50485,20222,0.0,Middle East-North Africa,151.0,1.299776,Low,0.0,3.8407471,0.0099996245,0.000559979,94.165993,0.002657043,1.9800457,Muslims,4,4,5,5,2
Syria,2013,72013,20325,0.0,Middle East-North Africa,151.0,1.299776,Low,0.0,3.8407471,0.0099996245,0.000559979,94.165993,0.002657043,1.9800457,Muslims,4,4,5,5,2
Syria,2014,66071,15134,0.0,Middle East-North Africa,151.0,1.299776,Low,0.0,3.8407471,0.0099996245,0.000559979,94.165993,0.002657043,1.9800457,Muslims,4,4,5,5,2
Syria,2015,51098,13086,0.0,Middle East-North Africa,151.0,1.299776,Low,0.0,3.8407471,0.0099996245,0.000559979,94.165993,0.002657043,1.9800457,Muslims,4,4,5,5,2
Syria,2016,44939,11821,0.0,Middle East-North Africa,151.0,1.299776,Low,0.0,3.8407471,0.0099996245,0.000559979,94.165993,0.002657043,1.9800457,Muslims,4,4,5,5,2
Syria,2017,25042,7010,0.0,Middle East-North Africa,151.0,1.299776,Low,0.0,3.8407471,0.0099996245,0.000559979,94.165993,0.002657043,1.9800457,Muslims,4,4,5,5,2
Syria,2018,13135,4193,0.0,Middle East-North Africa,151.0,1.299776,Low,0.0,3.8407471,0.0099996245,0.000559979,94.165993,0.002657043,1.9800457,Muslims,4,4,5,5,2
Syria,2019,7412,1834,0.0,Middle East-North Africa,151.0,1.299776,Low,0.0,3.8407471,0.0099996245,0.000559979,94.165993,0.002657043,1.9800457,Muslims,4,4,5,5,2
Syria,2020,4603,554,0.0,Middle East-North Africa,151.0,1.299776,Low,0.0,3.8407471,0.0099996245,0.000559979,94.165993,0.002657043,1.9800457,Muslims,4,4,5,5,2
Syria,2021,1376,251,0.0,Middle East-North Africa,151.0,1.299776,Low,0.0,3.8407471,0.0099996245,0.000559979,94.165993,0.002657043,1.9800457,Muslims,4,4,5,5,2
Syria,2022,918,156,0.0,Middle East-North Africa,151.0,1.299776,Low,0.0,3.8407471,0.0099996245,0.000559979,94.165993,0.002657043,1.9800457,Muslims,4,4,5,5,2
Syria,2023,1500,351,0.0,Middle East-North Africa,151.0,1.299776,Low,0.0,3.8407471,0.0099996245,0.000559979,94.165993,0.002657043,1.9800457,Muslims,4,4,5,5,2
Syria,2024,2197,371,0.0,Middle East-North Africa,151.0,1.299776,Low,0.0,3.8407471,0.0099996245,0.000559979,94.165993,0.002657043,1.9800457,Muslims,4,4,5,5,2
Tajikistan,1992,3355,1,0.0,Asia-Pacific,187.0,0.2508221,Very low,0.0041914629,1.0002198,0.0036675301,0.0,98.914124,0.003248384,0.074550293,Muslims,4,4,5,5,2
Tajikistan,1993,1045,143,0.0,Asia-Pacific,187.0,0.2508221,Very low,0.0041914629,1.0002198,0.0036675301,0.0,98.914124,0.003248384,0.074550293,Muslims,4,4,5,5,2
Tajikistan,1994,356,0,0.0,Asia-Pacific,187.0,0.2508221,Very low,0.0041914629,1.0002198,0.0036675301,0.0,98.914124,0.003248384,0.074550293,Muslims,4,4,5,5,2
Tajikistan,1995,368,6,0.0,Asia-Pacific,187.0,0.2508221,Very low,0.0041914629,1.0002198,0.0036675301,0.0,98.914124,0.003248384,0.074550293,Muslims,4,4,5,5,2
Tajikistan,1996,2790,12,0.0,Asia-Pacific,187.0,0.2508221,Very low,0.0041914629,1.0002198,0.0036675301,0.0,98.914124,0.003248384,0.074550293,Muslims,4,4,5,5,2
Tajikistan,1997,97,0,0.0,Asia-Pacific,187.0,0.2508221,Very low,0.0041914629,1.0002198,0.0036675301,0.0,98.914124,0.003248384,0.074550293,Muslims,4,4,5,5,2
Tajikistan,1998,600,20,0.0,Asia-Pacific,187.0,0.2508221,Very low,0.0041914629,1.0002198,0.0036675301,0.0,98.914124,0.003248384,0.074550293,Muslims,4,4,5,5,2
Tajikistan,1999,4,0,0.0,Asia-Pacific,187.0,0.2508221,Very low,0.0041914629,1.0002198,0.0036675301,0.0,98.914124,0.003248384,0.074550293,Muslims,4,4,5,5,2
Tajikistan,2000,46,0,0.0,Asia-Pacific,187.0,0.2508221,Very low,0.0041914629,1.0002198,0.0036675301,0.0,98.914124,0.003248384,0.074550293,Muslims,4,4,5,5,2
Tajikistan,2005,1,0,0.0,Asia-Pacific,187.0,0.2508221,Very low,0.0041914629,1.0002198,0.0036675301,0.0,98.914124,0.003248384,0.074550293,Muslims,4,4,5,5,2
Tajikistan,2006,8,0,0.0,Asia-Pacific,187.0,0.2508221,Very low,0.0041914629,1.0002198,0.0036675301,0.0,98.914124,0.003248384,0.074550293,Muslims,4,4,5,5,2
Tajikistan,2009,17,0,0.0,Asia-Pacific,187.0,0.2508221,Very low,0.0041914629,1.0002198,0.0036675301,0.0,98.914124,0.003248384,0.074550293,Muslims,4,4,5,5,2
Tajikistan,2010,98,0,0.0,Asia-Pacific,187.0,0.2508221,Very low,0.0041914629,1.0002198,0.0036675301,0.0,98.914124,0.003248384,0.074550293,Muslims,4,4,5,5,2
Tajikistan,2011,28,0,0.0,Asia-Pacific,187.0,0.2508221,Very low,0.0041914629,1.0002198,0.0036675301,0.0,98.914124,0.003248384,0.074550293,Muslims,4,4,5,5,2
Tajikistan,2013,3,0,0.0,Asia-Pacific,187.0,0.2508221,Very low,0.0041914629,1.0002198,0.0036675301,0.0,98.914124,0.003248384,0.074550293,Muslims,4,4,5,5,2
Tajikistan,2018,52,0,0.0,Asia-Pacific,187.0,0.2508221,Very low,0.0041914629,1.0002198,0.0036675301,0.0,98.914124,0.003248384,0.074550293,Muslims,4,4,5,5,2
Tajikistan,2019,49,0,0.0,Asia-Pacific,187.0,0.2508221,Very low,0.0041914629,1.0002198,0.0036675301,0.0,98.914124,0.003248384,0.074550293,Muslims,4,4,5,5,2
Tanzania,2020,25,21,0.0,Sub-Saharan Africa,36.0,5.724812,High,0.00017826895,64.691658,0.006482508,0.00017826895,29.867817,1.9555314,3.478159,Christians,4,4,3,3,3
Tanzania,2021,14,0,0.0,Sub-Saharan Africa,36.0,5.724812,High,0.00017826895,64.691658,0.006482508,0.00017826895,29.867817,1.9555314,3.478159,Christians,4,4,3,3,3
Tanzania,2022,2,0,0.0,Sub-Saharan Africa,36.0,5.724812,High,0.00017826895,64.691658,0.006482508,0.00017826895,29.867817,1.9555314,3.478159,Christians,4,4,3,3,3
Thailand,1989,4,0,0.0,Asia-Pacific,154.0,1.2467151,Low,94.392456,1.0336112,0.040371645,0.00027981552,4.5145898,0.0060594194,0.012629814,Buddhists,2,2,3,2,4
Thailand,1990,19,1,0.0,Asia-Pacific,154.0,1.2467151,Low,94.392456,1.0336112,0.040371645,0.00027981552,4.5145898,0.0060594194,0.012629814,Buddhists,2,2,3,2,4
Thailand,1994,1,0,0.0,Asia-Pacific,154.0,1.2467151,Low,94.392456,1.0336112,0.040371645,0.00027981552,4.5145898,0.0060594194,0.012629814,Buddhists,2,2,3,2,4
Thailand,1997,1,0,0.0,Asia-Pacific,154.0,1.2467151,Low,94.392456,1.0336112,0.040371645,0.00027981552,4.5145898,0.0060594194,0.012629814,Buddhists,2,2,3,2,4
Thailand,1998,3,0,0.0,Asia-Pacific,154.0,1.2467151,Low,94.392456,1.0336112,0.040371645,0.00027981552,4.5145898,0.0060594194,0.012629814,Buddhists,2,2,3,2,4
Thailand,2000,8,0,0.0,Asia-Pacific,154.0,1.2467151,Low,94.392456,1.0336112,0.040371645,0.00027981552,4.5145898,0.0060594194,0.012629814,Buddhists,2,2,3,2,4
Thailand,2001,25,0,0.0,Asia-Pacific,154.0,1.2467151,Low,94.392456,1.0336112,0.040371645,0.00027981552,4.5145898,0.0060594194,0.012629814,Buddhists,2,2,3,2,4
Thailand,2002,23,0,0.0,Asia-Pacific,154.0,1.2467151,Low,94.392456,1.0336112,0.040371645,0.00027981552,4.5145898,0.0060594194,0.012629814,Buddhists,2,2,3,2,4
Thailand,2003,26,1,0.0,Asia-Pacific,154.0,1.2467151,Low,94.392456,1.0336112,0.040371645,0.00027981552,4.5145898,0.0060594194,0.012629814,Buddhists,2,2,3,2,4
Thailand,2004,164,3,0.0,Asia-Pacific,154.0,1.2467151,Low,94.392456,1.0336112,0.040371645,0.00027981552,4.5145898,0.0060594194,0.012629814,Buddhists,2,2,3,2,4
Thailand,2005,208,11,0.0,Asia-Pacific,154.0,1.2467151,Low,94.392456,1.0336112,0.040371645,0.00027981552,4.5145898,0.0060594194,0.012629814,Buddhists,2,2,3,2,4
Thailand,2006,212,17,0.0,Asia-Pacific,154.0,1.2467151,Low,94.392456,1.0336112,0.040371645,0.00027981552,4.5145898,0.0060594194,0.012629814,Buddhists,2,2,3,2,4
Thailand,2007,198,9,0.0,Asia-Pacific,154.0,1.2467151,Low,94.392456,1.0336112,0.040371645,0.00027981552,4.5145898,0.0060594194,0.012629814,Buddhists,2,2,3,2,4
Thailand,2008,148,2,0.0,Asia-Pacific,154.0,1.2467151,Low,94.392456,1.0336112,0.040371645,0.00027981552,4.5145898,0.0060594194,0.012629814,Buddhists,2,2,3,2,4
Thailand,2009,138,7,0.0,Asia-Pacific,154.0,1.2467151,Low,94.392456,1.0336112,0.040371645,0.00027981552,4.5145898,0.0060594194,0.012629814,Buddhists,2,2,3,2,4
Thailand,2010,83,6,0.0,Asia-Pacific,154.0,1.2467151,Low,94.392456,1.0336112,0.040371645,0.00027981552,4.5145898,0.0060594194,0.012629814,Buddhists,2,2,3,2,4
Thailand,2011,143,16,0.0,Asia-Pacific,154.0,1.2467151,Low,94.392456,1.0336112,0.040371645,0.00027981552,4.5145898,0.0060594194,0.012629814,Buddhists,2,2,3,2,4
Thailand,2012,131,22,0.0,Asia-Pacific,154.0,1.2467151,Low,94.392456,1.0336112,0.040371645,0.00027981552,4.5145898,0.0060594194,0.012629814,Buddhists,2,2,3,2,4
Thailand,2013,189,5,0.0,Asia-Pacific,154.0,1.2467151,Low,94.392456,1.0336112,0.040371645,0.00027981552,4.5145898,0.0060594194,0.012629814,Buddhists,2,2,3,2,4
Thailand,2014,68,11,0.0,Asia-Pacific,154.0,1.2467151,Low,94.392456,1.0336112,0.040371645,0.00027981552,4.5145898,0.0060594194,0.012629814,Buddhists,2,2,3,2,4
Thailand,2015,57,10,0.0,Asia-Pacific,154.0,1.2467151,Low,94.392456,1.0336112,0.040371645,0.00027981552,4.5145898,0.0060594194,0.012629814,Buddhists,2,2,3,2,4
Thailand,2016,50,9,0.0,Asia-Pacific,154.0,1.2467151,Low,94.392456,1.0336112,0.040371645,0.00027981552,4.5145898,0.0060594194,0.012629814,Buddhists,2,2,3,2,4
Thailand,2017,43,2,0.0,Asia-Pacific,154.0,1.2467151,Low,94.392456,1.0336112,0.040371645,0.00027981552,4.5145898,0.0060594194,0.012629814,Buddhists,2,2,3,2,4
Thailand,2018,36,4,0.0,Asia-Pacific,154.0,1.2467151,Low,94.392456,1.0336112,0.040371645,0.00027981552,4.5145898,0.0060594194,0.012629814,Buddhists,2,2,3,2,4
Thailand,2019,55,8,0.0,Asia-Pacific,154.0,1.2467151,Low,94.392456,1.0336112,0.040371645,0.00027981552,4.5145898,0.0060594194,0.012629814,Buddhists,2,2,3,2,4
Thailand,2020,46,0,0.0,Asia-Pacific,154.0,1.2467151,Low,94.392456,1.0336112,0.040371645,0.00027981552,4.5145898,0.0060594194,0.012629814,Buddhists,2,2,3,2,4
Thailand,2021,38,2,0.0,Asia-Pacific,154.0,1.2467151,Low,94.392456,1.0336112,0.040371645,0.00027981552,4.5145898,0.0060594194,0.012629814,Buddhists,2,2,3,2,4
Thailand,2022,29,2,0.0,Asia-Pacific,154.0,1.2467151,Low,94.392456,1.0336112,0.040371645,0.00027981552,4.5145898,0.0060594194,0.012629814,Buddhists,2,2,3,2,4
Thailand,2023,30,0,0.0,Asia-Pacific,154.0,1.2467151,Low,94.392456,1.0336112,0.040371645,0.00027981552,4.5145898,0.0060594194,0.012629814,Buddhists,2,2,3,2,4
Thailand,2024,35,3,0.0,Asia-Pacific,154.0,1.2467151,Low,94.392456,1.0336112,0.040371645,0.00027981552,4.5145898,0.0060594194,0.012629814,Buddhists,2,2,3,2,4
Togo,2022,34,7,0.0,Sub-Saharan Africa,7.0,7.0933199,Very high,0.0015398136,56.884239,0.001184472,0.000296118,16.138145,18.961811,8.012784,Christians,4,4,3,3,3
Togo,2023,29,6,0.0,Sub-Saharan Africa,7.0,7.0933199,Very high,0.0015398136,56.884239,0.001184472,0.000296118,16.138145,18.961811,8.012784,Christians,4,4,3,3,3
Togo,2024,46,14,0.0,Sub-Saharan Africa,7.0,7.0933199,Very high,0.0015398136,56.884239,0.001184472,0.000296118,16.138145,18.961811,8.012784,Christians,4,4,3,3,3
Trinidad and Tobago,1990,39,0,0.0,Latin America-Caribbean,46.0,5.4070983,Moderate,0.029391387,70.017494,20.617247,0.019760933,5.4642849,1.4032747,2.4485474,Christians,4,4,3,3,3
Tunisia,2011,8,0,2.0,Middle East-North Africa,192.0,0.16158442,Very low,0.0,0.24667557,0.0,0.0082225194,99.303795,0.0,0.44131082,Muslims,4,4,5,5,2
Tunisia,2012,3,0,2.0,Middle East-North Africa,192.0,0.16158442,Very low,0.0,0.24667557,0.0,0.0082225194,99.303795,0.0,0.44131082,Muslims,4,4,5,5,2
Tunisia,2013,29,0,2.0,Middle East-North Africa,192.0,0.16158442,Very low,0.0,0.24667557,0.0,0.0082225194,99.303795,0.0,0.44131082,Muslims,4,4,5,5,2
Tunisia,2014,51,2,2.0,Middle East-North Africa,192.0,0.16158442,Very low,0.0,0.24667557,0.0,0.0082225194,99.303795,0.0,0.44131082,Muslims,4,4,5,5,2
Tunisia,2015,77,1,2.0,Middle East-North Africa,192.0,0.16158442,Very low,0.0,0.24667557,0.0,0.0082225194,99.303795,0.0,0.44131082,Muslims,4,4,5,5,2
Tunisia,2016,88,11,2.0,Middle East-North Africa,192.0,0.16158442,Very low,0.0,0.24667557,0.0,0.0082225194,99.303795,0.0,0.44131082,Muslims,4,4,5,5,2
Tunisia,2017,15,0,2.0,Middle East-North Africa,192.0,0.16158442,Very low,0.0,0.24667557,0.0,0.0082225194,99.303795,0.0,0.44131082,Muslims,4,4,5,5,2
Tunisia,2018,24,0,2.0,Middle East-North Africa,192.0,0.16158442,Very low,0.0,0.24667557,0.0,0.0082225194,99.303795,0.0,0.44131082,Muslims,4,4,5,5,2
Tunisia,2019,20,1,2.0,Middle East-North Africa,192.0,0.16158442,Very low,0.0,0.24667557,0.0,0.0082225194,99.303795,0.0,0.44131082,Muslims,4,4,5,5,2
Tunisia,2020,12,1,2.0,Middle East-North Africa,192.0,0.16158442,Very low,0.0,0.24667557,0.0,0.0082225194,99.303795,0.0,0.44131082,Muslims,4,4,5,5,2
Tunisia,2021,18,5,2.0,Middle East-North Africa,192.0,0.16158442,Very low,0.0,0.24667557,0.0,0.0082225194,99.303795,0.0,0.44131082,Muslims,4,4,5,5,2
Tunisia,2022,3,0,2.0,Middle East-North Africa,192.0,0.16158442,Very low,0.0,0.24667557,0.0,0.0082225194,99.303795,0.0,0.44131082,Muslims,4,4,5,5,2
Tunisia,2023,3,0,2.0,Middle East-North Africa,192.0,0.16158442,Very low,0.0,0.24667557,0.0,0.0082225194,99.303795,0.0,0.44131082,Muslims,4,4,5,5,2
Turkey,1989,442,29,0.0,Asia-Pacific,170.0,0.65779555,Very low,0.052905582,0.13598159,0.043144707,0.029282628,97.106873,0.10281084,2.5290017,Muslims,4,4,5,5,2
Turkey,1990,544,42,0.0,Asia-Pacific,170.0,0.65779555,Very low,0.052905582,0.13598159,0.043144707,0.029282628,97.106873,0.10281084,2.5290017,Muslims,4,4,5,5,2
Turkey,1991,397,14,0.0,Asia-Pacific,170.0,0.65779555,Very low,0.052905582,0.13598159,0.043144707,0.029282628,97.106873,0.10281084,2.5290017,Muslims,4,4,5,5,2
Turkey,1992,1710,137,0.0,Asia-Pacific,170.0,0.65779555,Very low,0.052905582,0.13598159,0.043144707,0.029282628,97.106873,0.10281084,2.5290017,Muslims,4,4,5,5,2
Turkey,1993,2346,175,0.0,Asia-Pacific,170.0,0.65779555,Very low,0.052905582,0.13598159,0.043144707,0.029282628,97.106873,0.10281084,2.5290017,Muslims,4,4,5,5,2
Turkey,1994,3975,137,0.0,Asia-Pacific,170.0,0.65779555,Very low,0.052905582,0.13598159,0.043144707,0.029282628,97.106873,0.10281084,2.5290017,Muslims,4,4,5,5,2
Turkey,1995,3586,74,0.0,Asia-Pacific,170.0,0.65779555,Very low,0.052905582,0.13598159,0.043144707,0.029282628,97.106873,0.10281084,2.5290017,Muslims,4,4,5,5,2
Turkey,1996,3776,27,0.0,Asia-Pacific,170.0,0.65779555,Very low,0.052905582,0.13598159,0.043144707,0.029282628,97.106873,0.10281084,2.5290017,Muslims,4,4,5,5,2
Turkey,1997,2581,25,0.0,Asia-Pacific,170.0,0.65779555,Very low,0.052905582,0.13598159,0.043144707,0.029282628,97.106873,0.10281084,2.5290017,Muslims,4,4,5,5,2
Turkey,1998,2033,5,0.0,Asia-Pacific,170.0,0.65779555,Very low,0.052905582,0.13598159,0.043144707,0.029282628,97.106873,0.10281084,2.5290017,Muslims,4,4,5,5,2
Turkey,1999,1116,11,0.0,Asia-Pacific,170.0,0.65779555,Very low,0.052905582,0.13598159,0.043144707,0.029282628,97.106873,0.10281084,2.5290017,Muslims,4,4,5,5,2
Turkey,2000,153,0,0.0,Asia-Pacific,170.0,0.65779555,Very low,0.052905582,0.13598159,0.043144707,0.029282628,97.106873,0.10281084,2.5290017,Muslims,4,4,5,5,2
Turkey,2001,120,2,0.0,Asia-Pacific,170.0,0.65779555,Very low,0.052905582,0.13598159,0.043144707,0.029282628,97.106873,0.10281084,2.5290017,Muslims,4,4,5,5,2
Turkey,2002,34,1,0.0,Asia-Pacific,170.0,0.65779555,Very low,0.052905582,0.13598159,0.043144707,0.029282628,97.106873,0.10281084,2.5290017,Muslims,4,4,5,5,2
Turkey,2003,105,14,0.0,Asia-Pacific,170.0,0.65779555,Very low,0.052905582,0.13598159,0.043144707,0.029282628,97.106873,0.10281084,2.5290017,Muslims,4,4,5,5,2
Turkey,2004,220,12,0.0,Asia-Pacific,170.0,0.65779555,Very low,0.052905582,0.13598159,0.043144707,0.029282628,97.106873,0.10281084,2.5290017,Muslims,4,4,5,5,2
Turkey,2005,295,7,0.0,Asia-Pacific,170.0,0.65779555,Very low,0.052905582,0.13598159,0.043144707,0.029282628,97.106873,0.10281084,2.5290017,Muslims,4,4,5,5,2
Turkey,2006,226,7,0.0,Asia-Pacific,170.0,0.65779555,Very low,0.052905582,0.13598159,0.043144707,0.029282628,97.106873,0.10281084,2.5290017,Muslims,4,4,5,5,2
Turkey,2007,495,6,0.0,Asia-Pacific,170.0,0.65779555,Very low,0.052905582,0.13598159,0.043144707,0.029282628,97.106873,0.10281084,2.5290017,Muslims,4,4,5,5,2
Turkey,2008,474,10,0.0,Asia-Pacific,170.0,0.65779555,Very low,0.052905582,0.13598159,0.043144707,0.029282628,97.106873,0.10281084,2.5290017,Muslims,4,4,5,5,2
Turkey,2009,138,9,0.0,Asia-Pacific,170.0,0.65779555,Very low,0.052905582,0.13598159,0.043144707,0.029282628,97.106873,0.10281084,2.5290017,Muslims,4,4,5,5,2
Turkey,2010,234,7,0.0,Asia-Pacific,170.0,0.65779555,Very low,0.052905582,0.13598159,0.043144707,0.029282628,97.106873,0.10281084,2.5290017,Muslims,4,4,5,5,2
Turkey,2011,410,53,0.0,Asia-Pacific,170.0,0.65779555,Very low,0.052905582,0.13598159,0.043144707,0.029282628,97.106873,0.10281084,2.5290017,Muslims,4,4,5,5,2
Turkey,2012,788,20,0.0,Asia-Pacific,170.0,0.65779555,Very low,0.052905582,0.13598159,0.043144707,0.029282628,97.106873,0.10281084,2.5290017,Muslims,4,4,5,5,2
Turkey,2013,20,0,0.0,Asia-Pacific,170.0,0.65779555,Very low,0.052905582,0.13598159,0.043144707,0.029282628,97.106873,0.10281084,2.5290017,Muslims,4,4,5,5,2
Turkey,2014,11,0,0.0,Asia-Pacific,170.0,0.65779555,Very low,0.052905582,0.13598159,0.043144707,0.029282628,97.106873,0.10281084,2.5290017,Muslims,4,4,5,5,2
Turkey,2015,915,40,0.0,Asia-Pacific,170.0,0.65779555,Very low,0.052905582,0.13598159,0.043144707,0.029282628,97.106873,0.10281084,2.5290017,Muslims,4,4,5,5,2
Turkey,2016,1445,323,0.0,Asia-Pacific,170.0,0.65779555,Very low,0.052905582,0.13598159,0.043144707,0.029282628,97.106873,0.10281084,2.5290017,Muslims,4,4,5,5,2
Turkey,2017,415,6,0.0,Asia-Pacific,170.0,0.65779555,Very low,0.052905582,0.13598159,0.043144707,0.029282628,97.106873,0.10281084,2.5290017,Muslims,4,4,5,5,2
Turkey,2018,454,6,0.0,Asia-Pacific,170.0,0.65779555,Very low,0.052905582,0.13598159,0.043144707,0.029282628,97.106873,0.10281084,2.5290017,Muslims,4,4,5,5,2
Turkey,2019,281,4,0.0,Asia-Pacific,170.0,0.65779555,Very low,0.052905582,0.13598159,0.043144707,0.029282628,97.106873,0.10281084,2.5290017,Muslims,4,4,5,5,2
Turkey,2020,214,3,0.0,Asia-Pacific,170.0,0.65779555,Very low,0.052905582,0.13598159,0.043144707,0.029282628,97.106873,0.10281084,2.5290017,Muslims,4,4,5,5,2
Turkey,2021,130,1,0.0,Asia-Pacific,170.0,0.65779555,Very low,0.052905582,0.13598159,0.043144707,0.029282628,97.106873,0.10281084,2.5290017,Muslims,4,4,5,5,2
Turkey,2022,96,0,0.0,Asia-Pacific,170.0,0.65779555,Very low,0.052905582,0.13598159,0.043144707,0.029282628,97.106873,0.10281084,2.5290017,Muslims,4,4,5,5,2
Turkey,2023,106,0,0.0,Asia-Pacific,170.0,0.65779555,Very low,0.052905582,0.13598159,0.043144707,0.029282628,97.106873,0.10281084,2.5290017,Muslims,4,4,5,5,2
Turkey,2024,37,2,0.0,Asia-Pacific,170.0,0.65779555,Very low,0.052905582,0.13598159,0.043144707,0.029282628,97.106873,0.10281084,2.5290017,Muslims,4,4,5,5,2
Uganda,1989,1022,23,0.0,Sub-Saharan Africa,113.0,2.531812,Moderate,0.00080048339,87.744301,0.0053365557,0.0010406284,11.41293,0.74071169,0.094881155,Christians,4,4,3,3,3
Uganda,1990,626,21,0.0,Sub-Saharan Africa,113.0,2.531812,Moderate,0.00080048339,87.744301,0.0053365557,0.0010406284,11.41293,0.74071169,0.094881155,Christians,4,4,3,3,3
Uganda,1991,857,2,0.0,Sub-Saharan Africa,113.0,2.531812,Moderate,0.00080048339,87.744301,0.0053365557,0.0010406284,11.41293,0.74071169,0.094881155,Christians,4,4,3,3,3
Uganda,1992,72,0,0.0,Sub-Saharan Africa,113.0,2.531812,Moderate,0.00080048339,87.744301,0.0053365557,0.0010406284,11.41293,0.74071169,0.094881155,Christians,4,4,3,3,3
Uganda,1994,150,27,0.0,Sub-Saharan Africa,113.0,2.531812,Moderate,0.00080048339,87.744301,0.0053365557,0.0010406284,11.41293,0.74071169,0.094881155,Christians,4,4,3,3,3
Uganda,1995,265,13,0.0,Sub-Saharan Africa,113.0,2.531812,Moderate,0.00080048339,87.744301,0.0053365557,0.0010406284,11.41293,0.74071169,0.094881155,Christians,4,4,3,3,3
Uganda,1996,1186,65,0.0,Sub-Saharan Africa,113.0,2.531812,Moderate,0.00080048339,87.744301,0.0053365557,0.0010406284,11.41293,0.74071169,0.094881155,Christians,4,4,3,3,3
Uganda,1997,738,13,0.0,Sub-Saharan Africa,113.0,2.531812,Moderate,0.00080048339,87.744301,0.0053365557,0.0010406284,11.41293,0.74071169,0.094881155,Christians,4,4,3,3,3
Uganda,1998,767,42,0.0,Sub-Saharan Africa,113.0,2.531812,Moderate,0.00080048339,87.744301,0.0053365557,0.0010406284,11.41293,0.74071169,0.094881155,Christians,4,4,3,3,3
Uganda,1999,352,1,0.0,Sub-Saharan Africa,113.0,2.531812,Moderate,0.00080048339,87.744301,0.0053365557,0.0010406284,11.41293,0.74071169,0.094881155,Christians,4,4,3,3,3
Uganda,2000,364,4,0.0,Sub-Saharan Africa,113.0,2.531812,Moderate,0.00080048339,87.744301,0.0053365557,0.0010406284,11.41293,0.74071169,0.094881155,Christians,4,4,3,3,3
Uganda,2001,108,6,0.0,Sub-Saharan Africa,113.0,2.531812,Moderate,0.00080048339,87.744301,0.0053365557,0.0010406284,11.41293,0.74071169,0.094881155,Christians,4,4,3,3,3
Uganda,2002,722,56,0.0,Sub-Saharan Africa,113.0,2.531812,Moderate,0.00080048339,87.744301,0.0053365557,0.0010406284,11.41293,0.74071169,0.094881155,Christians,4,4,3,3,3
Uganda,2003,633,44,0.0,Sub-Saharan Africa,113.0,2.531812,Moderate,0.00080048339,87.744301,0.0053365557,0.0010406284,11.41293,0.74071169,0.094881155,Christians,4,4,3,3,3
Uganda,2004,1215,66,0.0,Sub-Saharan Africa,113.0,2.531812,Moderate,0.00080048339,87.744301,0.0053365557,0.0010406284,11.41293,0.74071169,0.094881155,Christians,4,4,3,3,3
Uganda,2005,610,22,0.0,Sub-Saharan Africa,113.0,2.531812,Moderate,0.00080048339,87.744301,0.0053365557,0.0010406284,11.41293,0.74071169,0.094881155,Christians,4,4,3,3,3
Uganda,2006,220,7,0.0,Sub-Saharan Africa,113.0,2.531812,Moderate,0.00080048339,87.744301,0.0053365557,0.0010406284,11.41293,0.74071169,0.094881155,Christians,4,4,3,3,3
Uganda,2007,93,0,0.0,Sub-Saharan Africa,113.0,2.531812,Moderate,0.00080048339,87.744301,0.0053365557,0.0010406284,11.41293,0.74071169,0.094881155,Christians,4,4,3,3,3
Uganda,2017,0,0,0.0,Sub-Saharan Africa,113.0,2.531812,Moderate,0.00080048339,87.744301,0.0053365557,0.0010406284,11.41293,0.74071169,0.094881155,Christians,4,4,3,3,3
Uganda,2021,22,6,0.0,Sub-Saharan Africa,113.0,2.531812,Moderate,0.00080048339,87.744301,0.0053365557,0.0010406284,11.41293,0.74071169,0.094881155,Christians,4,4,3,3,3
Uganda,2022,25,1,0.0,Sub-Saharan Africa,113.0,2.531812,Moderate,0.00080048339,87.744301,0.0053365557,0.0010406284,11.41293,0.74071169,0.094881155,Christians,4,4,3,3,3
Uganda,2023,22,0,0.0,Sub-Saharan Africa,113.0,2.531812,Moderate,0.00080048339,87.744301,0.0053365557,0.0010406284,11.41293,0.74071169,0.094881155,Christians,4,4,3,3,3
Ukraine,2014,4898,662,0.0,Europe,92.0,3.2777493,Moderate,0.33441824,83.429771,0.01266236,0.095710993,0.56782633,0.41504487,15.144568,Christians,4,4,3,3,3
Ukraine,2015,1894,362,0.0,Europe,92.0,3.2777493,Moderate,0.33441824,83.429771,0.01266236,0.095710993,0.56782633,0.41504487,15.144568,Christians,4,4,3,3,3
Ukraine,2016,697,35,0.0,Europe,92.0,3.2777493,Moderate,0.33441824,83.429771,0.01266236,0.095710993,0.56782633,0.41504487,15.144568,Christians,4,4,3,3,3
Ukraine,2017,447,69,0.0,Europe,92.0,3.2777493,Moderate,0.33441824,83.429771,0.01266236,0.095710993,0.56782633,0.41504487,15.144568,Christians,4,4,3,3,3
Ukraine,2018,243,51,0.0,Europe,92.0,3.2777493,Moderate,0.33441824,83.429771,0.01266236,0.095710993,0.56782633,0.41504487,15.144568,Christians,4,4,3,3,3
Ukraine,2019,311,22,0.0,Europe,92.0,3.2777493,Moderate,0.33441824,83.429771,0.01266236,0.095710993,0.56782633,0.41504487,15.144568,Christians,4,4,3,3,3
Ukraine,2020,196,21,0.0,Europe,92.0,3.2777493,Moderate,0.33441824,83.429771,0.01266236,0.095710993,0.56782633,0.41504487,15.144568,Christians,4,4,3,3,3
Ukraine,2021,208,18,0.0,Europe,92.0,3.2777493,Moderate,0.33441824,83.429771,0.01266236,0.095710993,0.56782633,0.41504487,15.144568,Christians,4,4,3,3,3
Ukraine,2022,50,4,0.0,Europe,92.0,3.2777493,Moderate,0.33441824,83.429771,0.01266236,0.095710993,0.56782633,0.41504487,15.144568,Christians,4,4,3,3,3
United Arab Emirates,2010,1,0,2.0,Middle East-North Africa,57.0,5.0590525,Moderate,0.16714233,14.313642,11.753531,0.015009755,72.940231,0.47460544,0.33583519,Muslims,4,4,5,5,2
United Arab Emirates,2022,3,3,2.0,Middle East-North Africa,57.0,5.0590525,Moderate,0.16714233,14.313642,11.753531,0.015009755,72.940231,0.47460544,0.33583519,Muslims,4,4,5,5,2
United Kingdom,1989,35,2,2.0,Europe,12.0,6.8823056,High,0.45710918,49.370411,1.6954442,0.44077584,6.3691177,1.4489841,40.218159,Christians,4,4,3,3,3
United Kingdom,1990,41,4,2.0,Europe,12.0,6.8823056,High,0.45710918,49.370411,1.6954442,0.44077584,6.3691177,1.4489841,40.218159,Christians,4,4,3,3,3
United Kingdom,1991,26,1,2.0,Europe,12.0,6.8823056,High,0.45710918,49.370411,1.6954442,0.44077584,6.3691177,1.4489841,40.218159,Christians,4,4,3,3,3
United Kingdom,1992,17,1,2.0,Europe,12.0,6.8823056,High,0.45710918,49.370411,1.6954442,0.44077584,6.3691177,1.4489841,40.218159,Christians,4,4,3,3,3
United Kingdom,1993,15,1,2.0,Europe,12.0,6.8823056,High,0.45710918,49.370411,1.6954442,0.44077584,6.3691177,1.4489841,40.218159,Christians,4,4,3,3,3
United Kingdom,1994,6,0,2.0,Europe,12.0,6.8823056,High,0.45710918,49.370411,1.6954442,0.44077584,6.3691177,1.4489841,40.218159,Christians,4,4,3,3,3
United Kingdom,1996,2,0,2.0,Europe,12.0,6.8823056,High,0.45710918,49.370411,1.6954442,0.44077584,6.3691177,1.4489841,40.218159,Christians,4,4,3,3,3
United Kingdom,1997,3,0,2.0,Europe,12.0,6.8823056,High,0.45710918,49.370411,1.6954442,0.44077584,6.3691177,1.4489841,40.218159,Christians,4,4,3,3,3
United Kingdom,1998,29,29,2.0,Europe,12.0,6.8823056,High,0.45710918,49.370411,1.6954442,0.44077584,6.3691177,1.4489841,40.218159,Christians,4,4,3,3,3
United Kingdom,2009,2,0,2.0,Europe,12.0,6.8823056,High,0.45710918,49.370411,1.6954442,0.44077584,6.3691177,1.4489841,40.218159,Christians,4,4,3,3,3
United Kingdom,2011,1,0,2.0,Europe,12.0,6.8823056,High,0.45710918,49.370411,1.6954442,0.44077584,6.3691177,1.4489841,40.218159,Christians,4,4,3,3,3
United Kingdom,2019,2,1,2.0,Europe,12.0,6.8823056,High,0.45710918,49.370411,1.6954442,0.44077584,6.3691177,1.4489841,40.218159,Christians,4,4,3,3,3
United States of America,2001,233,109,0.0,North America,32.0,5.8457952,High,1.291746,64.010002,0.89428562,1.6892065,1.1923809,1.1923809,29.729998,Christians,4,4,3,3,3
Uzbekistan,1999,50,5,0.0,Asia-Pacific,161.0,0.98861158,Very low,0.014764371,2.7753074,0.027500503,0.0083515635,95.622231,0.99986249,0.55198419,Muslims,4,4,5,5,2
Uzbekistan,2000,297,0,0.0,Asia-Pacific,161.0,0.98861158,Very low,0.014764371,2.7753074,0.027500503,0.0083515635,95.622231,0.99986249,0.55198419,Muslims,4,4,5,5,2
Uzbekistan,2004,37,2,0.0,Asia-Pacific,161.0,0.98861158,Very low,0.014764371,2.7753074,0.027500503,0.0083515635,95.622231,0.99986249,0.55198419,Muslims,4,4,5,5,2
Uzbekistan,2009,16,0,0.0,Asia-Pacific,161.0,0.98861158,Very low,0.014764371,2.7753074,0.027500503,0.0083515635,95.622231,0.99986249,0.55198419,Muslims,4,4,5,5,2
Venezuela,1992,144,80,0.0,Latin America-Caribbean,114.0,2.492887,Moderate,0.021340482,88.115417,0.0,0.017549738,0.049069069,2.0688734,9.7277508,Christians,4,4,3,3,3
Venezuela,2007,2,0,0.0,Latin America-Caribbean,114.0,2.492887,Moderate,0.021340482,88.115417,0.0,0.017549738,0.049069069,2.0688734,9.7277508,Christians,4,4,3,3,3
Venezuela,2021,1,0,0.0,Latin America-Caribbean,114.0,2.492887,Moderate,0.021340482,88.115417,0.0,0.017549738,0.049069069,2.0688734,9.7277508,Christians,4,4,3,3,3
Venezuela,2022,0,0,0.0,Latin America-Caribbean,114.0,2.492887,Moderate,0.021340482,88.115417,0.0,0.017549738,0.049069069,2.0688734,9.7277508,Christians,4,4,3,3,3
Yemen (North Yemen),1994,1489,308,2.0,Middle East-North Africa,201.0,0.031931501,Very low,0.00054655207,0.055731442,0.0077437633,0.00020242669,99.863022,0.011200944,0.061554585,Muslims,4,4,5,5,2
Yemen (North Yemen),2000,19,0,2.0,Middle East-North Africa,201.0,0.031931501,Very low,0.00054655207,0.055731442,0.0077437633,0.00020242669,99.863022,0.011200944,0.061554585,Muslims,4,4,5,5,2
Yemen (North Yemen),2002,2,1,2.0,Middle East-North Africa,201.0,0.031931501,Very low,0.00054655207,0.055731442,0.0077437633,0.00020242669,99.863022,0.011200944,0.061554585,Muslims,4,4,5,5,2
Yemen (North Yemen),2008,21,7,2.0,Middle East-North Africa,201.0,0.031931501,Very low,0.00054655207,0.055731442,0.0077437633,0.00020242669,99.863022,0.011200944,0.061554585,Muslims,4,4,5,5,2
Yemen (North Yemen),2009,94,41,2.0,Middle East-North Africa,201.0,0.031931501,Very low,0.00054655207,0.055731442,0.0077437633,0.00020242669,99.863022,0.011200944,0.061554585,Muslims,4,4,5,5,2
Yemen (North Yemen),2010,175,3,2.0,Middle East-North Africa,201.0,0.031931501,Very low,0.00054655207,0.055731442,0.0077437633,0.00020242669,99.863022,0.011200944,0.061554585,Muslims,4,4,5,5,2
Yemen (North Yemen),2011,1143,42,2.0,Middle East-North Africa,201.0,0.031931501,Very low,0.00054655207,0.055731442,0.0077437633,0.00020242669,99.863022,0.011200944,0.061554585,Muslims,4,4,5,5,2
Yemen (North Yemen),2012,2366,45,2.0,Middle East-North Africa,201.0,0.031931501,Very low,0.00054655207,0.055731442,0.0077437633,0.00020242669,99.863022,0.011200944,0.061554585,Muslims,4,4,5,5,2
Yemen (North Yemen),2013,578,35,2.0,Middle East-North Africa,201.0,0.031931501,Very low,0.00054655207,0.055731442,0.0077437633,0.00020242669,99.863022,0.011200944,0.061554585,Muslims,4,4,5,5,2
Yemen (North Yemen),2014,1826,55,2.0,Middle East-North Africa,201.0,0.031931501,Very low,0.00054655207,0.055731442,0.0077437633,0.00020242669,99.863022,0.011200944,0.061554585,Muslims,4,4,5,5,2
Yemen (North Yemen),2015,7720,2282,2.0,Middle East-North Africa,201.0,0.031931501,Very low,0.00054655207,0.055731442,0.0077437633,0.00020242669,99.863022,0.011200944,0.061554585,Muslims,4,4,5,5,2
Yemen (North Yemen),2016,3019,823,2.0,Middle East-North Africa,201.0,0.031931501,Very low,0.00054655207,0.055731442,0.0077437633,0.00020242669,99.863022,0.011200944,0.061554585,Muslims,4,4,5,5,2
Yemen (North Yemen),2017,3145,786,2.0,Middle East-North Africa,201.0,0.031931501,Very low,0.00054655207,0.055731442,0.0077437633,0.00020242669,99.863022,0.011200944,0.061554585,Muslims,4,4,5,5,2
Yemen (North Yemen),2018,4648,721,2.0,Middle East-North Africa,201.0,0.031931501,Very low,0.00054655207,0.055731442,0.0077437633,0.00020242669,99.863022,0.011200944,0.061554585,Muslims,4,4,5,5,2
Yemen (North Yemen),2019,2638,633,2.0,Middle East-North Africa,201.0,0.031931501,Very low,0.00054655207,0.055731442,0.0077437633,0.00020242669,99.863022,0.011200944,0.061554585,Muslims,4,4,5,5,2
Yemen (North Yemen),2020,6306,631,2.0,Middle East-North Africa,201.0,0.031931501,Very low,0.00054655207,0.055731442,0.0077437633,0.00020242669,99.863022,0.011200944,0.061554585,Muslims,4,4,5,5,2
Yemen (North Yemen),2021,23366,666,2.0,Middle East-North Africa,201.0,0.031931501,Very low,0.00054655207,0.055731442,0.0077437633,0.00020242669,99.863022,0.011200944,0.061554585,Muslims,4,4,5,5,2
Yemen (North Yemen),2022,2940,757,2.0,Middle East-North Africa,201.0,0.031931501,Very low,0.00054655207,0.055731442,0.0077437633,0.00020242669,99.863022,0.011200944,0.061554585,Muslims,4,4,5,5,2
Yemen (North Yemen),2023,795,288,2.0,Middle East-North Africa,201.0,0.031931501,Very low,0.00054655207,0.055731442,0.0077437633,0.00020242669,99.863022,0.011200944,0.061554585,Muslims,4,4,5,5,2
Yemen (North Yemen),2024,806,125,2.0,Middle East-North Africa,201.0,0.031931501,Very low,0.00054655207,0.055731442,0.0077437633,0.00020242669,99.863022,0.011200944,0.061554585,Muslims,4,4,5,5,2
